"Method","samp1","samp2","HeS","HoS","DL","HD","DR"
"CbMPDiCbraya","S1_10B","S10_1B",7.00928636736639e-05,0.697360923617354,0.141816470752026,0.00783590418908066,0.152916608577866
"CbMPDiCbraya","S1_10B","S11_1Z",0.000210826557065559,0.60775104497186,0.142886476286272,0.0226695907747763,0.226482061410026
"CbMPDiCbraya","S1_10B","S12_1D",0.000213302256450198,0.73329421441919,0.135266621633411,0.0107243422243336,0.120501519466615
"CbMPDiCbraya","S1_10B","S13_2B",0.00426405286425689,0.595899568695586,0.255417325325893,0.0108352231467334,0.133583829967531
"CbMPDiCbraya","S1_10B","S14_2Z",0.00212120635089316,0.621989446035063,0.223652805317501,0.0142684841727825,0.137968058123761
"CbMPDiCbraya","S1_10B","S15_2D",0.00233441242515684,0.618793235533383,0.260642432083231,0.0131186859873309,0.105111233970898
"CbMPDiCbraya","S1_10B","S16_3B",0.00117273930982719,0.447034374005163,0.414771104499608,0.0700142263881209,0.0670075557972809
"CbMPDiCbraya","S1_10B","S17_3Z",0.000217941780585034,0.52593122704025,0.367907852551511,0.00642319523644867,0.0995197833912054
"CbMPDiCbraya","S1_10B","S18_3D",0.000120912625921379,0.495666715131465,0.405375753793114,0.00934536989690625,0.0894912485525943
"CbMPDiCbraya","S1_10B","S19_4B",0.00117273930982719,0.447034374005163,0.41697728504242,0.0732956485714306,0.0615199530711595
"CbMPDiCbraya","S1_10B","S2_10Z",0,0.568442381317933,0.1067782620592,0.0363086619738582,0.288470694649009
"CbMPDiCbraya","S1_10B","S20_4Z",0.000217941780585034,0.52593122704025,0.367642277081199,0.00682115663316699,0.0993873974647986
"CbMPDiCbraya","S1_10B","S21_4D",0.000120912625921379,0.495666715131465,0.411205037150458,0.00934536989690625,0.0836619651952495
"CbMPDiCbraya","S1_10B","S22_5B",0.0139515578550563,0.507247990802865,0.132083093553275,0.00131427189220929,0.345403085896594
"CbMPDiCbraya","S1_10B","S23_5Z",0.00974804203129579,0.364739460263087,0.416858059466154,0.00457143216725565,0.204083006072208
"CbMPDiCbraya","S1_10B","S24_5D",0.0643637705886857,0.420531876192589,0.249210491353521,0.00983566823467397,0.25605819363053
"CbMPDiCbraya","S1_10B","S25_6B",0.0241534865486128,0.490869443165308,0.12619762650976,0.00134518573711908,0.3574342580392
"CbMPDiCbraya","S1_10B","S26_6Z",0.0630622621772926,0.416886168058946,0.392505893190057,0.000991308011970395,0.126554368561734
"CbMPDiCbraya","S1_10B","S27_6D",0.0703805807223855,0.436238954865244,0.373623710006544,0.000760920901909979,0.118995833503916
"CbMPDiCbraya","S1_10B","S28_7B",0.0806834049430316,0.47535579814281,0.275265131565455,0.0111677216428747,0.157527943705829
"CbMPDiCbraya","S1_10B","S29_7Z",0.0739797846572461,0.511800872561433,0.29007395439858,0.00737458128713039,0.116770807095611
"CbMPDiCbraya","S1_10B","S3_10D",0.000993613238289255,0.465861622567212,0.0488261861309309,0.0825623221931791,0.401756255870389
"CbMPDiCbraya","S1_10B","S30_7D",0.0642024463642677,0.564117207029784,0.248228253404001,0.00100345485311508,0.122448638348833
"CbMPDiCbraya","S1_10B","S31_8B",0.0656441002512226,0.484197627551959,0.196259959777131,0.00506133158461573,0.248836980835072
"CbMPDiCbraya","S1_10B","S32_8Z",0.0358324122074192,0.624107655376265,0.0731156758038253,0.00271884282034259,0.264225413792147
"CbMPDiCbraya","S1_10B","S33_8D",0.0177412406452661,0.492322813464163,0.306336902837919,0.00151019757560387,0.182088845477048
"CbMPDiCbraya","S1_10B","S34_9B",0,0.379159283686701,0.461924930626201,0.00442693210939277,0.154488853577704
"CbMPDiCbraya","S1_10B","S35_9Z",0,0.430744565811738,0.386260676123323,0.0104321250992711,0.172562632965668
"CbMPDiCbraya","S1_10B","S36_9D",0.0667727089708768,0.427823701612918,0.290505651531014,0.00589618966315641,0.209001748222035
"CbMPDiCbraya","S1_10B","S4_11B",0,0.499377837020919,0.262316284236183,0.0125609092472641,0.225744969495635
"CbMPDiCbraya","S1_10B","S5_11Z",0.000168071697369019,0.496229332465771,0.271764101765461,0.0173758381013236,0.214462655970075
"CbMPDiCbraya","S1_10B","S6_11D",0.000358951432345699,0.477773214040126,0.23723051182013,0.0129037006814692,0.271733622025929
"CbMPDiCbraya","S1_10B","S7_12B",0.000444211515523909,0.64622837590597,0.119951876655531,0.00819263795444805,0.225182897968527
"CbMPDiCbraya","S1_10B","S8_12Z",0.000258673549822024,0.53783852490845,0.217591542903552,0.00531363232169685,0.238997626316478
"CbMPDiCbraya","S1_10B","S9_12D",0.000794583209401574,0.584317228624524,0.205208334943715,0.00769223702286976,0.201987616199489
"CbMPDiCbraya","S10_1B","S11_1Z",0,0.75809429234393,0.00032608591608577,0.0668616099612946,0.174718011778689
"CbMPDiCbraya","S10_1B","S12_1D",0,0.802366280057595,0.0428284561797503,0.0179109007330779,0.136894363029577
"CbMPDiCbraya","S10_1B","S13_2B",0.0108897014884218,0.771775447265918,0.0458149680867468,0.0212826697935061,0.150237213365408
"CbMPDiCbraya","S10_1B","S14_2Z",0.00105431794915337,0.761754337886538,0.0661386597579677,0.0161788499128817,0.154873834493459
"CbMPDiCbraya","S10_1B","S15_2D",0.00953946548061526,0.786131040281884,0.0504298085063813,0.0359499637887558,0.117949721942363
"CbMPDiCbraya","S10_1B","S16_3B",0.0010131531485098,0.458920131480809,0.418162543716523,0.0274183772088403,0.0944857944453178
"CbMPDiCbraya","S10_1B","S17_3Z",0.000506865408935685,0.589434587295146,0.284490440933198,0.010138029756787,0.115430076605933
"CbMPDiCbraya","S10_1B","S18_3D",5.40191882251797e-05,0.618544622431558,0.242850732589365,0.012539781065876,0.126010844724976
"CbMPDiCbraya","S10_1B","S19_4B",0.0010131531485098,0.458920131480809,0.429671339694586,0.0339266577995791,0.0764687178765154
"CbMPDiCbraya","S10_1B","S2_10Z",0.000243037411545081,0.5835298668673,0.173256263508265,0.00744229538782555,0.235528536825065
"CbMPDiCbraya","S10_1B","S20_4Z",0.000506865408935685,0.589434587295146,0.284490440933198,0.0105215635681674,0.115046542794553
"CbMPDiCbraya","S10_1B","S21_4D",5.40191882251797e-05,0.618544622431558,0.243191134894194,0.00838939676761642,0.129820826718406
"CbMPDiCbraya","S10_1B","S22_5B",0.0162413885662703,0.522929913766707,0.155819153739906,0.00175683106567823,0.303252712861438
"CbMPDiCbraya","S10_1B","S23_5Z",0.00454597757818703,0.693232100314571,0.0368578144435521,0.00406672529723361,0.261297382366457
"CbMPDiCbraya","S10_1B","S24_5D",0.0142086412530423,0.449619706007915,0.358302831821343,0.00246034418263714,0.175408476735062
"CbMPDiCbraya","S10_1B","S25_6B",0.0430126650917923,0.402066283678445,0.263929874035002,0.00182397999210906,0.289167197202652
"CbMPDiCbraya","S10_1B","S26_6Z",0.0348650358823664,0.276050229361247,0.599051887647472,0.00243720893564764,0.0875956381732671
"CbMPDiCbraya","S10_1B","S27_6D",0.00943400184742703,0.343149696293047,0.545148208006476,0.000400640948927787,0.101867452904121
"CbMPDiCbraya","S10_1B","S28_7B",0.00856829588980941,0.486184718075438,0.37348949389079,0.00481174880396215,0.12694574334
"CbMPDiCbraya","S10_1B","S29_7Z",0.00708046873357423,0.463772237926957,0.352727863374989,0.0152919578219631,0.161127472142516
"CbMPDiCbraya","S10_1B","S3_10D",0.000412044899863738,0.605553232371785,0.153264376115524,0.0108677984353555,0.229902548177471
"CbMPDiCbraya","S10_1B","S30_7D",0.00830968812739308,0.497445516357303,0.296869056648719,0.000968868846331528,0.196406870020253
"CbMPDiCbraya","S10_1B","S31_8B",0.0359333041632328,0.344310324483182,0.211809924621255,0.0057117882297493,0.402234658502581
"CbMPDiCbraya","S10_1B","S32_8Z",0.0128682490270171,0.84604938581828,0.0195783720168144,0.00870456113037913,0.11279943200751
"CbMPDiCbraya","S10_1B","S33_8D",0.0125991807690615,0.709086732831118,0.208183022145982,0.007307228931271,0.0628238353225678
"CbMPDiCbraya","S10_1B","S34_9B",0.000114089869795938,0.376177682768203,0.446358683176445,0.0248461744160955,0.15250336976946
"CbMPDiCbraya","S10_1B","S35_9Z",0.000602625492687058,0.44586615173021,0.3911675829446,0.00562301124383894,0.156740628588664
"CbMPDiCbraya","S10_1B","S36_9D",0.0240291018149582,0.403244250995584,0.411913406009127,0.0087116126002672,0.152101628580063
"CbMPDiCbraya","S10_1B","S4_11B",0.000107685887191491,0.689015863917985,0.150325622604489,0.0185026637808381,0.142048163809497
"CbMPDiCbraya","S10_1B","S5_11Z",0,0.687247398460478,0.185884954265785,0.013839451357167,0.11302819591657
"CbMPDiCbraya","S10_1B","S6_11D",0.000198026805227285,0.693764743615359,0.14629880023217,0.0137016574090452,0.146036771938198
"CbMPDiCbraya","S10_1B","S7_12B",0.000260371695655608,0.685773643066326,0.0541237343414426,0.0185496426415211,0.241292608255054
"CbMPDiCbraya","S10_1B","S8_12Z",0,0.716393682214607,0.0390852240168067,0.0239488550829748,0.220572238685612
"CbMPDiCbraya","S10_1B","S9_12D",8.1590493919725e-05,0.739405752430999,0.0420731031103804,0.0225493254922555,0.195890228472445
"CbMPDiCbraya","S11_1Z","S12_1D",0,0.74239023088612,0.0462591771902148,0.0247252423564178,0.186625349567247
"CbMPDiCbraya","S11_1Z","S13_2B",0.00984449098498922,0.762990977761321,0.0492542677058761,0.0149953952030004,0.162914868344813
"CbMPDiCbraya","S11_1Z","S14_2Z",0.000955363056531194,0.720118494747907,0.0685000173820504,0.0138241359690541,0.196601988844457
"CbMPDiCbraya","S11_1Z","S15_2D",0.00999839713785215,0.782394176122726,0.0644583195088559,0.0268019343928496,0.116347172837716
"CbMPDiCbraya","S11_1Z","S16_3B",0.000596605856261434,0.428022268066123,0.453739675149813,0.0444603470908219,0.0731811038369801
"CbMPDiCbraya","S11_1Z","S17_3Z",0.00043411846321845,0.540078505301802,0.264898682865305,0.0117077150782408,0.182880978291434
"CbMPDiCbraya","S11_1Z","S18_3D",0,0.571306812251492,0.241640798576646,0.0101966100133803,0.176855779158482
"CbMPDiCbraya","S11_1Z","S19_4B",0.000596605856261434,0.428022268066123,0.444080696175189,0.0430564680428143,0.0842439618596117
"CbMPDiCbraya","S11_1Z","S2_10Z",0,0.580592306985987,0.139685892148562,0.00783983178711833,0.271881969078332
"CbMPDiCbraya","S11_1Z","S20_4Z",0.00043411846321845,0.540078505301802,0.2585323082439,0.010808981357354,0.190146086633725
"CbMPDiCbraya","S11_1Z","S21_4D",0,0.571306812251492,0.241920194702141,0.0140752514292042,0.172697741617163
"CbMPDiCbraya","S11_1Z","S22_5B",0.0127986193441553,0.446718035464101,0.100963465120866,0.00222434369597925,0.437295536374899
"CbMPDiCbraya","S11_1Z","S23_5Z",0.0275068718216099,0.367569293545558,0.337020624752633,0.00391215104921849,0.26399105883098
"CbMPDiCbraya","S11_1Z","S24_5D",0.0351134138174161,0.440039200329652,0.340043861372365,0.00468803139936652,0.1801154930812
"CbMPDiCbraya","S11_1Z","S25_6B",0.0773261768427415,0.3265264886851,0.0216486464826062,0.00340695763895091,0.571091730350602
"CbMPDiCbraya","S11_1Z","S26_6Z",0.0569430004624942,0.271494545157062,0.580249398869241,0.00775151881337389,0.0835615366978294
"CbMPDiCbraya","S11_1Z","S27_6D",0.0314929309388785,0.307659665344213,0.527124840185337,0.00242365740477708,0.131298906126795
"CbMPDiCbraya","S11_1Z","S28_7B",0.00731331756217487,0.468873545416121,0.411113100033882,0.00502199284063397,0.107678044147188
"CbMPDiCbraya","S11_1Z","S29_7Z",0.00668018836747916,0.429833165590726,0.348649101336323,0.000942269255625996,0.213895275449846
"CbMPDiCbraya","S11_1Z","S3_10D",0.000214767503544536,0.605201635270229,0.144574992722399,0.0117591841320962,0.238249420371731
"CbMPDiCbraya","S11_1Z","S30_7D",0.00711602170397416,0.553186952442327,0.284348626033935,0.000233802062529243,0.155114597757235
"CbMPDiCbraya","S11_1Z","S31_8B",0.0686161003769388,0.0636783299300206,0.231882071442892,0.00493364083847951,0.630889857411669
"CbMPDiCbraya","S11_1Z","S32_8Z",0.0353423311165551,0.511498005771773,0.322366455116902,0.00723430761292993,0.12355890038184
"CbMPDiCbraya","S11_1Z","S33_8D",0.011344202441427,0.610659077085457,0.301708550760531,0.00477555097426442,0.0715126187383213
"CbMPDiCbraya","S11_1Z","S34_9B",0.000141569534236232,0.387203064710707,0.4267492485981,0.0118200523360774,0.17408606482088
"CbMPDiCbraya","S11_1Z","S35_9Z",0.00059773803344187,0.457130951928697,0.374914998460159,0.00872970612353573,0.158626605454167
"CbMPDiCbraya","S11_1Z","S36_9D",0.0239016563635506,0.395242144002348,0.396584053831713,0.0117909917268358,0.172481154075553
"CbMPDiCbraya","S11_1Z","S4_11B",0,0.589467643486214,0.261398493819382,0.0123568859547126,0.136776976739692
"CbMPDiCbraya","S11_1Z","S5_11Z",0,0.597362590709062,0.265674873664944,0.0167188452579637,0.120243690368031
"CbMPDiCbraya","S11_1Z","S6_11D",0,0.59926326293606,0.246264201802754,0.00782364836487529,0.14664888689631
"CbMPDiCbraya","S11_1Z","S7_12B",0.000290830351947554,0.686832069872586,0.142566764884664,0.0102547348709149,0.160055600019888
"CbMPDiCbraya","S11_1Z","S8_12Z",0,0.708334852403489,0.0381151517402295,0.0147870195930948,0.238762976263187
"CbMPDiCbraya","S11_1Z","S9_12D",4.76230748897719e-05,0.73030400991175,0.0405376178078398,0.0387136121262746,0.190397137079246
"CbMPDiCbraya","S12_1D","S13_2B",0.00459293563505438,0.764770909545834,0.0624720599286855,0.0172142625938009,0.150949832296625
"CbMPDiCbraya","S12_1D","S14_2Z",0.000245194092583875,0.78507136318124,0.0610233115247223,0.0135223867031449,0.140137744498309
"CbMPDiCbraya","S12_1D","S15_2D",0.00456161534999706,0.815578814606904,0.045603873150428,0.015042135412629,0.119213561480042
"CbMPDiCbraya","S12_1D","S16_3B",0.0115553834607283,0.462455484482641,0.448926101007295,0.00840336904875913,0.0686596620005771
"CbMPDiCbraya","S12_1D","S17_3Z",0.00110551560529452,0.60387325176842,0.261949727087674,0.014955031502011,0.1181164740366
"CbMPDiCbraya","S12_1D","S18_3D",0,0.655269925175463,0.228690199391404,0.0070060076730985,0.109033867760034
"CbMPDiCbraya","S12_1D","S19_4B",0.0115553834607283,0.462455484482641,0.448228741021543,0.00840336904875913,0.0693570219863294
"CbMPDiCbraya","S12_1D","S2_10Z",0.000263074573461893,0.677648994266889,0.177858460258509,0.0146791766030799,0.129550294298059
"CbMPDiCbraya","S12_1D","S20_4Z",0.00110551560529452,0.60387325176842,0.261949727087674,0.0105401099281232,0.122531395610488
"CbMPDiCbraya","S12_1D","S21_4D",0,0.655269925175463,0.226488778069646,0.00788867384773619,0.110352622907154
"CbMPDiCbraya","S12_1D","S22_5B",0.0192938439152111,0.476326192084254,0.344372712653919,0.00770437163178717,0.15230287971483
"CbMPDiCbraya","S12_1D","S23_5Z",0.00623229057806258,0.60920534140106,0.216676358516327,0.0208293261914516,0.147056683313099
"CbMPDiCbraya","S12_1D","S24_5D",0.0145567922845835,0.467768851804709,0.353664381021082,0.005656379910514,0.158353594979112
"CbMPDiCbraya","S12_1D","S25_6B",0.0350167136435465,0.429982819965619,0.372968710954102,0.00686456403518989,0.155167191401542
"CbMPDiCbraya","S12_1D","S26_6Z",0.0123066326713003,0.309634937416465,0.514902234768113,0.00625090255215143,0.156905292591971
"CbMPDiCbraya","S12_1D","S27_6D",0.0108914461032145,0.311213757846069,0.487053165949864,0.000846722964746614,0.189994907136105
"CbMPDiCbraya","S12_1D","S28_7B",0.00835709618323506,0.419670473069575,0.483925788562126,0.000513553860012774,0.0875330883250515
"CbMPDiCbraya","S12_1D","S29_7Z",0.00824416413232724,0.440665983155409,0.402569400582381,0.00265698356907667,0.145863468560806
"CbMPDiCbraya","S12_1D","S3_10D",0.000319487866544232,0.691323124500569,0.160837847775373,0.00682816750873307,0.140691372348781
"CbMPDiCbraya","S12_1D","S30_7D",0.00861569138713549,0.482437075784195,0.361731679709139,0.000454471837588029,0.146761081281943
"CbMPDiCbraya","S12_1D","S31_8B",0.0250883952938122,0.346255110266756,0.197422307190121,0.0102355469628766,0.420998640286434
"CbMPDiCbraya","S12_1D","S32_8Z",0.0102980038911702,0.866600134284722,0.0031360270430349,0.011650838178524,0.108314996602549
"CbMPDiCbraya","S12_1D","S33_8D",0.0123879810624872,0.700479669133493,0.208379459526776,0.00942922168407718,0.0693236685931669
"CbMPDiCbraya","S12_1D","S34_9B",0.000167640155993577,0.172881550259942,0.599211569541096,0.0175911942879295,0.210148045755039
"CbMPDiCbraya","S12_1D","S35_9Z",0.00474997770106627,0.282009963646571,0.507629193717721,0.0202578898977187,0.185352975036924
"CbMPDiCbraya","S12_1D","S36_9D",0.00596446028692936,0.321369455069744,0.474445638645271,0.0135707937494191,0.184649652248636
"CbMPDiCbraya","S12_1D","S4_11B",0,0.640517666323569,0.172274985369307,0.00318992340270024,0.184017424904424
"CbMPDiCbraya","S12_1D","S5_11Z",0,0.621768698639716,0.194179352225332,0.00299126423506874,0.181060684899883
"CbMPDiCbraya","S12_1D","S6_11D",0,0.652177657846504,0.17056042766569,0.00345610012707897,0.173805814360727
"CbMPDiCbraya","S12_1D","S7_12B",0.000204210038046205,0.748489370924381,0.0896643527422707,0.0121062053972362,0.149535860898066
"CbMPDiCbraya","S12_1D","S8_12Z",0.000158869300840618,0.679325992742093,0.137285706051326,0.024844152243959,0.158385279661781
"CbMPDiCbraya","S12_1D","S9_12D",0,0.716552656826641,0.114796507223223,0.0161494175178976,0.152501418432238
"CbMPDiCbraya","S13_2B","S14_2Z",0.0618038278201408,0.796760216207547,0,0.0380329569327263,0.103402999039586
"CbMPDiCbraya","S13_2B","S15_2D",0.0555780228710429,0.757656303407662,0,0.0822092605510833,0.104556413170212
"CbMPDiCbraya","S13_2B","S16_3B",0.021359786972407,0.309623105059232,0.439431846004234,0.100836838463915,0.128748423500212
"CbMPDiCbraya","S13_2B","S17_3Z",0.0280652829455403,0.593983008533599,0.227555894715364,0.0218626020421164,0.12853321176338
"CbMPDiCbraya","S13_2B","S18_3D",0.0315278793419031,0.57455432843184,0.212635385443068,0.0176303825379247,0.163652024245265
"CbMPDiCbraya","S13_2B","S19_4B",0.021359786972407,0.309623105059232,0.429610027793698,0.101642370479612,0.137764709695051
"CbMPDiCbraya","S13_2B","S2_10Z",0.00158923414687914,0.647963949514277,0.163001328741158,0.0158627446829074,0.171582742914779
"CbMPDiCbraya","S13_2B","S20_4Z",0.0280652829455403,0.593983008533599,0.227555894715364,0.0221414346687023,0.128254379136794
"CbMPDiCbraya","S13_2B","S21_4D",0.0315278793419031,0.57455432843184,0.23230606153662,0.0208090765348142,0.140802654154823
"CbMPDiCbraya","S13_2B","S22_5B",0.0326415026304524,0.218296862086487,0.223669999217707,0.000322509635458037,0.525069126429896
"CbMPDiCbraya","S13_2B","S23_5Z",0.00406083438921782,0.330999954470628,0.329157273687417,0.00699796248227056,0.328783974970467
"CbMPDiCbraya","S13_2B","S24_5D",0.0242168931668336,0.495913841403409,0.223295742798704,0.00407135533934494,0.252502167291708
"CbMPDiCbraya","S13_2B","S25_6B",0.0438185257768016,0.411896034562992,0.00325625899565123,0.000229000776125316,0.54080017988843
"CbMPDiCbraya","S13_2B","S26_6Z",0.0483940888787274,0.352227802962372,0.434656002423943,0.0062182955047451,0.158503810230212
"CbMPDiCbraya","S13_2B","S27_6D",0.0246406903330211,0.372397697319262,0.451459849313468,0.00194271543859401,0.149559047595655
"CbMPDiCbraya","S13_2B","S28_7B",0.0639395019709903,0.515189520638458,0.308531101361769,0.00698610349232924,0.105353772536454
"CbMPDiCbraya","S13_2B","S29_7Z",0.0574609622804709,0.394712346184739,0.402621401826252,0.00960732879595727,0.13559796091258
"CbMPDiCbraya","S13_2B","S3_10D",0.00208908806309597,0.650252976568652,0.138440185150183,0.0141606373350798,0.19505711288299
"CbMPDiCbraya","S13_2B","S30_7D",0.0365979353001118,0.506873690140562,0.308907098249325,0.00222261577139884,0.145398660538602
"CbMPDiCbraya","S13_2B","S31_8B",0.0464722898974756,0.287158970986034,0.414949238066666,0.0060930805611658,0.245326420488659
"CbMPDiCbraya","S13_2B","S32_8Z",0.0189513309783774,0.412316844224393,0.330868834582352,0.0024916531615566,0.235371337053321
"CbMPDiCbraya","S13_2B","S33_8D",0.0421038515368103,0.427284006509892,0.395663981556302,0.00666035814176668,0.128287802255229
"CbMPDiCbraya","S13_2B","S34_9B",0.0177807126539328,0.188999578892266,0.673390568845067,0.00917599389048912,0.110653145718245
"CbMPDiCbraya","S13_2B","S35_9Z",0.0243273356979755,0.131284847479883,0.673086061736176,0.0142924456456112,0.157009309440354
"CbMPDiCbraya","S13_2B","S36_9D",0.0982683710264405,0.127367044583009,0.617834097854632,0.00466221575429786,0.15186827078162
"CbMPDiCbraya","S13_2B","S4_11B",0,0.645936322142123,0.18018491555596,0.0146302738434406,0.159248488458476
"CbMPDiCbraya","S13_2B","S5_11Z",0.00330939664875911,0.654826314100154,0.198116369724996,0.0352757205479037,0.108472198978187
"CbMPDiCbraya","S13_2B","S6_11D",0.000195295547261522,0.646041842573377,0.174670819331964,0.0181875069340737,0.160904535613324
"CbMPDiCbraya","S13_2B","S7_12B",0.0579885054611932,0.68860733304837,0.0234183519218813,0.0139283262633969,0.216057483305158
"CbMPDiCbraya","S13_2B","S8_12Z",0.0480060345804646,0.688296921827674,0.0340436136932208,0.0193250782420525,0.210328351656588
"CbMPDiCbraya","S13_2B","S9_12D",0.046332124070847,0.748339716641497,0.00284169622635323,0.0421945399709088,0.160291923090394
"CbMPDiCbraya","S14_2Z","S15_2D",0.0665456501543502,0.763203291064934,0.0404135000161981,0.0625739021668669,0.0672636565976506
"CbMPDiCbraya","S14_2Z","S16_3B",0.0227531485982925,0.303659859082223,0.516226627458658,0.0618032585834709,0.0955571062773558
"CbMPDiCbraya","S14_2Z","S17_3Z",0.0407737609269095,0.579574679552797,0.227897901039852,0.0304125245132971,0.121341133967144
"CbMPDiCbraya","S14_2Z","S18_3D",0.0426446564059333,0.583166763804413,0.204700304595353,0.0288878810043738,0.140600394189927
"CbMPDiCbraya","S14_2Z","S19_4B",0.0230003291946157,0.3034126784859,0.517387742574914,0.0686251756611212,0.087574074083449
"CbMPDiCbraya","S14_2Z","S2_10Z",0.000145591576566824,0.659388925087549,0.147014406954451,0.0103634607928854,0.183087615588548
"CbMPDiCbraya","S14_2Z","S20_4Z",0.0407737609269095,0.579574679552797,0.220109876359178,0.0298499934688149,0.129691689692301
"CbMPDiCbraya","S14_2Z","S21_4D",0.0426446564059333,0.583166763804413,0.21005578651872,0.0450556178589591,0.119077175411975
"CbMPDiCbraya","S14_2Z","S22_5B",0.0270434777289382,0.230707888147906,0.231193063028616,0.00470055179780863,0.506355019296731
"CbMPDiCbraya","S14_2Z","S23_5Z",0.105312204918768,0.207351440929344,0.527208200662418,0.00678116915336642,0.153346984336103
"CbMPDiCbraya","S14_2Z","S24_5D",0.119939773595314,0.348988193199808,0.274001709824509,0.00520958455647772,0.251860738823892
"CbMPDiCbraya","S14_2Z","S25_6B",0.158223285312766,0.256902652219619,0.187627980184831,0.00283315138871242,0.394412930894072
"CbMPDiCbraya","S14_2Z","S26_6Z",0.118890686552036,0.210220683197877,0.526729819872307,0.00643473624965249,0.137724074128127
"CbMPDiCbraya","S14_2Z","S27_6D",0.119348187493461,0.212536242361014,0.480430070788148,0.00185625652162404,0.185829242835753
"CbMPDiCbraya","S14_2Z","S28_7B",0.0594663106250744,0.478379602358289,0.387885592775553,0.00728432594247508,0.066984168298609
"CbMPDiCbraya","S14_2Z","S29_7Z",0.0577602517007268,0.389912788419533,0.426253185032033,0.0277168191142036,0.0983569557335042
"CbMPDiCbraya","S14_2Z","S3_10D",0.00201108217794755,0.670622440634848,0.125869841616615,0.016022144829677,0.185474490740913
"CbMPDiCbraya","S14_2Z","S30_7D",0.0396497694456545,0.522348079395533,0.315549243628338,0.00477773568923401,0.11767517184124
"CbMPDiCbraya","S14_2Z","S31_8B",0.155671917198342,0.103754940150447,0.41498515537021,0.00547377160752143,0.32011421567348
"CbMPDiCbraya","S14_2Z","S32_8Z",0.113028956726615,0.349447041826215,0.342776037341645,0.008544258998889,0.186203705106636
"CbMPDiCbraya","S14_2Z","S33_8D",0.0182173669797548,0.449128502587792,0.435905930258626,0.00822135638816992,0.0885268437856572
"CbMPDiCbraya","S14_2Z","S34_9B",0.00156753221254895,0.140299246904416,0.727214787982287,0.010387387544053,0.120531045356695
"CbMPDiCbraya","S14_2Z","S35_9Z",0.00374892929106809,0.121953204669041,0.765465758967457,0.011527572145266,0.0973045349271674
"CbMPDiCbraya","S14_2Z","S36_9D",0.000414361464285999,0.172837028112434,0.646094754608509,0.00932945831725327,0.171324397497518
"CbMPDiCbraya","S14_2Z","S4_11B",0,0.665829663390427,0.173202362366408,0.0138459467104483,0.147122027532716
"CbMPDiCbraya","S14_2Z","S5_11Z",0.00101305846477876,0.666057251256585,0.190826967013576,0.0194042463781832,0.122698476886877
"CbMPDiCbraya","S14_2Z","S6_11D",6.50985157538408e-05,0.624367140331472,0.186304366765888,0.00913502709109631,0.18012836729579
"CbMPDiCbraya","S14_2Z","S7_12B",0.0662771289462733,0.754087653766793,0.0157168495308988,0.0115392031210208,0.152379164635014
"CbMPDiCbraya","S14_2Z","S8_12Z",0.0601840798752336,0.686358899255892,0.0234668064488517,0.0223320197552105,0.207658194664812
"CbMPDiCbraya","S14_2Z","S9_12D",0.055630982167022,0.729271831593165,0.00386864081047958,0.0483385665388155,0.162889978890518
"CbMPDiCbraya","S15_2D","S16_3B",0.023231129021145,0.294638999808526,0.530309466271178,0.066423060374173,0.0853973445249781
"CbMPDiCbraya","S15_2D","S17_3Z",0.0334098565645702,0.560643594023531,0.264171819135993,0.0293107031938214,0.112464027082084
"CbMPDiCbraya","S15_2D","S18_3D",0.0340519312376867,0.572405977947412,0.243050013012505,0.0470371114903051,0.103454966312091
"CbMPDiCbraya","S15_2D","S19_4B",0.0234783096174682,0.294391819212203,0.52781340373744,0.066423060374173,0.0878934070587162
"CbMPDiCbraya","S15_2D","S2_10Z",0.00194161411361453,0.635508724646174,0.193372472706463,0.0126599310551984,0.15651725747855
"CbMPDiCbraya","S15_2D","S20_4Z",0.0334098565645702,0.560643594023531,0.265194045639896,0.0308145237946876,0.109937979977315
"CbMPDiCbraya","S15_2D","S21_4D",0.0340519312376867,0.572405977947412,0.242738123923358,0.0437371310835224,0.107066835808021
"CbMPDiCbraya","S15_2D","S22_5B",0.0239128584580849,0.260016523209307,0.39636342177921,0.00472382257246468,0.314983373980933
"CbMPDiCbraya","S15_2D","S23_5Z",0.112062057346848,0.219463029976331,0.517291382429445,0.0131887696276609,0.137994760619714
"CbMPDiCbraya","S15_2D","S24_5D",0.120754428907651,0.371745907561926,0.244361910305262,0.00554866080438744,0.257589092420773
"CbMPDiCbraya","S15_2D","S25_6B",0.124473462015837,0.347339808610068,0.218621980685586,0.00175158425653242,0.307813164431977
"CbMPDiCbraya","S15_2D","S26_6Z",0.118682521522078,0.237724977317864,0.50059756754909,0.00614294281057335,0.136851990800395
"CbMPDiCbraya","S15_2D","S27_6D",0.119302920656345,0.253509634881025,0.500156112809545,0.00234288901794244,0.124688442635142
"CbMPDiCbraya","S15_2D","S28_7B",0.056651388002174,0.472721063207127,0.373263985163553,0.0188153010145837,0.0785482626125623
"CbMPDiCbraya","S15_2D","S29_7Z",0.0594233346811695,0.407904534439292,0.40459337573156,0.0116387719555391,0.116439983192439
"CbMPDiCbraya","S15_2D","S3_10D",0.00216092307697523,0.643603869965882,0.180344936752363,0.0147759434568347,0.159114326747945
"CbMPDiCbraya","S15_2D","S30_7D",0.0273023035880575,0.527801534756279,0.287454954215755,0.00022916394294077,0.157212043496968
"CbMPDiCbraya","S15_2D","S31_8B",0.119335713841797,0.152995988829148,0.422256015329628,0.0090755872215105,0.296336694777916
"CbMPDiCbraya","S15_2D","S32_8Z",0.114481727904343,0.356250909239169,0.365085522557796,0.0116681869648061,0.152513653333886
"CbMPDiCbraya","S15_2D","S33_8D",0.0160775251174013,0.511883716253398,0.401975180365728,0.0111914476738453,0.0588721305896267
"CbMPDiCbraya","S15_2D","S34_9B",0.00150648571904272,0.380284677734012,0.480173097346669,0.00630631991560427,0.131729419284673
"CbMPDiCbraya","S15_2D","S35_9Z",0.00103780529781466,0.301132607917805,0.584864883028111,0.0104381070536603,0.10252659670261
"CbMPDiCbraya","S15_2D","S36_9D",0.00132988381155555,0.22419158194784,0.597003406097385,0.00889420158512908,0.168580926558091
"CbMPDiCbraya","S15_2D","S4_11B",0.000106745940251635,0.654941879020141,0.178007381557695,0.00740863475174852,0.159535358730163
"CbMPDiCbraya","S15_2D","S5_11Z",0.00643110417517747,0.665572905346487,0.184686591486245,0.031171590289902,0.112137808702189
"CbMPDiCbraya","S15_2D","S6_11D",0.00544960249815112,0.65385485206315,0.201449085746243,0.00827476364179612,0.13097169605066
"CbMPDiCbraya","S15_2D","S7_12B",0.0612991092312077,0.701932972062395,0.122441664746864,0.0151628008008426,0.09916345315869
"CbMPDiCbraya","S15_2D","S8_12Z",0.0560037012021975,0.689919727534198,0.130588279979626,0.014527690164992,0.108960601118986
"CbMPDiCbraya","S15_2D","S9_12D",0.049803536703948,0.759785348254664,0.0679008221972532,0.019712711634744,0.102797581209391
"CbMPDiCbraya","S16_3B","S17_3Z",0.00856599539899913,0.412036093552931,0.511149419453611,0.0159684782583798,0.0522800133360798
"CbMPDiCbraya","S16_3B","S18_3D",0.00637302037358017,0.732904738925209,0.182292592900055,0.042888774477468,0.0355408733236881
"CbMPDiCbraya","S16_3B","S19_4B",0.0108141510891395,0.70078788815078,0,0.28839796076008,0
"CbMPDiCbraya","S16_3B","S2_10Z",0.00254272259623039,0.324461360068393,0.490991166339877,0.0418829219707444,0.140121829024756
"CbMPDiCbraya","S16_3B","S20_4Z",0.00856599539899913,0.412036093552931,0.511149419453611,0.0255574491037995,0.04269104249066
"CbMPDiCbraya","S16_3B","S21_4D",0.00637302037358017,0.732904738925209,0.192952914805206,0.042112275104829,0.0256570507911759
"CbMPDiCbraya","S16_3B","S22_5B",0.00444278522307834,0.555436988954151,0.31025504418038,0.0685557709847561,0.0613094106576351
"CbMPDiCbraya","S16_3B","S23_5Z",0.00191564962150471,0.809645272851092,0.0542476307053144,0.0673959112312916,0.0667955355907969
"CbMPDiCbraya","S16_3B","S24_5D",0.00251703634556933,0.684687594721249,0.235072790314698,0.0291643609918144,0.0485582176266699
"CbMPDiCbraya","S16_3B","S25_6B",0.00889824640529011,0.625279793261574,0.0750721880401861,0.0296173117293091,0.261132460563641
"CbMPDiCbraya","S16_3B","S26_6Z",0.00258558795693196,0.467754605596039,0.426630140747346,0.0284682516782319,0.0745614140214502
"CbMPDiCbraya","S16_3B","S27_6D",0.00204015629188886,0.597959147498357,0.301060322378733,0.0262851179889495,0.0726552558420717
"CbMPDiCbraya","S16_3B","S28_7B",0.00205555271062538,0.691839733815414,0.228268662726074,0.00557210831475229,0.0722639424331339
"CbMPDiCbraya","S16_3B","S29_7Z",0.00281184605839546,0.660977938073677,0.285669448077176,0.0129637005975466,0.0375770671932042
"CbMPDiCbraya","S16_3B","S3_10D",0.00223078837547182,0.392957971201133,0.48356338177244,0.0387608117012618,0.0824870469496943
"CbMPDiCbraya","S16_3B","S30_7D",0.000728805036873393,0.739893945254326,0.178855129707338,0.0538342793584358,0.0266878406430265
"CbMPDiCbraya","S16_3B","S31_8B",0.0102579947474123,0.535981406420153,0.273030225282988,0.059428830131822,0.121301543417624
"CbMPDiCbraya","S16_3B","S32_8Z",0.00407847983933261,0.79119703659689,0.0762664442258088,0.060137922244945,0.0683201170930241
"CbMPDiCbraya","S16_3B","S33_8D",0.00175731423039119,0.645087834651804,0.227997877893218,0.0595818138632231,0.0655751593613647
"CbMPDiCbraya","S16_3B","S34_9B",0.00325338570459217,0.255120147614357,0.652063531650477,0.0343316446776504,0.0552312903529232
"CbMPDiCbraya","S16_3B","S35_9Z",0.0158350069519543,0.37645830925063,0.5047104196402,0.0485007829068064,0.0544954812504101
"CbMPDiCbraya","S16_3B","S36_9D",0.00141535929274135,0.551383209431925,0.341727676194423,0.0370386671713161,0.0684350879095942
"CbMPDiCbraya","S16_3B","S4_11B",0.00726674944527647,0.517965144073025,0.354611379280833,0.0456646767643986,0.0744920504364669
"CbMPDiCbraya","S16_3B","S5_11Z",0.0152508127933383,0.480604029895106,0.382917331109613,0.00293197687764687,0.118295849324295
"CbMPDiCbraya","S16_3B","S6_11D",0.0101187163070176,0.550124919600981,0.399431498663463,0.0174819825272307,0.0228428829013079
"CbMPDiCbraya","S16_3B","S7_12B",0.00345702979874904,0.415327086540698,0.424563604145841,0.0431566010012335,0.113495678513479
"CbMPDiCbraya","S16_3B","S8_12Z",0.0057114771216651,0.368715380343397,0.467943342727883,0.0364980924305865,0.121131707376468
"CbMPDiCbraya","S16_3B","S9_12D",0.00288521550032664,0.334011765353746,0.575343496044406,0.0257653104458339,0.0619942126556874
"CbMPDiCbraya","S17_3Z","S18_3D",0.00526975793516256,0.689293456509551,0.000383083212640977,0.0194430250613425,0.285610677281303
"CbMPDiCbraya","S17_3Z","S19_4B",0.00856599539899913,0.412036093552931,0.511149419453611,0.021720720958705,0.0465277706357545
"CbMPDiCbraya","S17_3Z","S2_10Z",0.00021729832974423,0.476461958185539,0.409843360661693,0.0131029346160182,0.100374448207006
"CbMPDiCbraya","S17_3Z","S20_4Z",0.000191849151752679,0.707895962945707,0,0.291912187902541,0
"CbMPDiCbraya","S17_3Z","S21_4D",0.00526975793516256,0.689293456509551,0.000811639764458751,0.0244496197963614,0.280175525994466
"CbMPDiCbraya","S17_3Z","S22_5B",0.0134399369288625,0.294674028464816,0.397449630850743,0.00589003136646162,0.288546372389117
"CbMPDiCbraya","S17_3Z","S23_5Z",0.00738654119657518,0.53062548262299,0.224100876120283,0.0145445149742428,0.223342585085909
"CbMPDiCbraya","S17_3Z","S24_5D",0.0178587771128342,0.475739971810246,0.360549732767004,0.00808402963778119,0.137767488672134
"CbMPDiCbraya","S17_3Z","S25_6B",0.0431833406243034,0.420208662704157,0.354617961647747,0.00622398056671041,0.175766054457082
"CbMPDiCbraya","S17_3Z","S26_6Z",0.0387597773223688,0.290274111613068,0.528758179838297,0.00537500874336775,0.136832922482898
"CbMPDiCbraya","S17_3Z","S27_6D",0.0291315442023755,0.310170335551979,0.490856344274883,0.00622403976322202,0.16361773620754
"CbMPDiCbraya","S17_3Z","S28_7B",0.0114981737497523,0.414135987017623,0.4342121057303,0.000471444502103621,0.139682289000221
"CbMPDiCbraya","S17_3Z","S29_7Z",0.0103932909664517,0.646304345059201,0.175423156915327,0.000711501958500719,0.16716770510052
"CbMPDiCbraya","S17_3Z","S3_10D",0.000522447462116395,0.435017448223455,0.46268443197825,0.0119128228483338,0.0898628494878446
"CbMPDiCbraya","S17_3Z","S30_7D",0.00692543519802149,0.717554854112758,0.0727100698968254,0.00383182371820347,0.198977817074192
"CbMPDiCbraya","S17_3Z","S31_8B",0.0363458555022386,0.574917693087863,0.219221887095448,0.0164311388894332,0.153083425425018
"CbMPDiCbraya","S17_3Z","S32_8Z",0.0137148333035824,0.88906889736319,0.00343422969521218,0.0122825516859268,0.0814994879520885
"CbMPDiCbraya","S17_3Z","S33_8D",0.0115072802925626,0.724942495824594,0.199698487064977,0.0265275775520548,0.0373241592658123
"CbMPDiCbraya","S17_3Z","S34_9B",0.00443604333554819,0.200167485794735,0.6534966715469,0.00736536551837404,0.134534433804443
"CbMPDiCbraya","S17_3Z","S35_9Z",0.00227464187412121,0.30176848614989,0.546993308429594,0.00875424238162233,0.140209321164772
"CbMPDiCbraya","S17_3Z","S36_9D",0.00654725998457364,0.252271430175466,0.603741346184881,0.0114280762377011,0.126011887417378
"CbMPDiCbraya","S17_3Z","S4_11B",0.000164042404582706,0.499277400444151,0.41116336399803,0.00440484007886687,0.0849903530743691
"CbMPDiCbraya","S17_3Z","S5_11Z",0.00150140542361739,0.471641185532377,0.412501506100483,0.00468607438524444,0.109669828558279
"CbMPDiCbraya","S17_3Z","S6_11D",0.000673392774653801,0.688370805372202,0.196742158742106,0.00549167671557094,0.108721966395468
"CbMPDiCbraya","S17_3Z","S7_12B",0.0319673578597605,0.574049630121158,0.265406363619197,0.0117405716945433,0.116836076705342
"CbMPDiCbraya","S17_3Z","S8_12Z",0.0269292686653366,0.500792076791794,0.309135128606689,0.0124621264916683,0.150681399444512
"CbMPDiCbraya","S17_3Z","S9_12D",0.0201264305641796,0.513952219076734,0.328382955773083,0.00802894713309421,0.12950944745291
"CbMPDiCbraya","S18_3D","S19_4B",0.00637302037358017,0.732904738925209,0.193462724785123,0.0466707196059006,0.0205887963101876
"CbMPDiCbraya","S18_3D","S2_10Z",0.000399904009528873,0.491109877815798,0.379864415308151,0.0284244735662799,0.100201329300241
"CbMPDiCbraya","S18_3D","S20_4Z",0.00526975793516256,0.689293456509551,0.000383083212640977,0.0224333012597574,0.282620401082888
"CbMPDiCbraya","S18_3D","S21_4D",0.00615439240169246,0.71192709412078,0,0.281918513477528,0
"CbMPDiCbraya","S18_3D","S22_5B",0.00687134355204093,0.40190505167646,0.386239451102021,0.00742100573140919,0.197563147938069
"CbMPDiCbraya","S18_3D","S23_5Z",0.00193976035392294,0.627786204865021,0.209095246830445,0.0220618629096281,0.139116925040984
"CbMPDiCbraya","S18_3D","S24_5D",0.00674094592604431,0.505437902138004,0.319143329727662,0.00853868468590017,0.16013913752239
"CbMPDiCbraya","S18_3D","S25_6B",0.0255853219219734,0.437672506953296,0.340910356051097,0.00440965542964416,0.191422159643989
"CbMPDiCbraya","S18_3D","S26_6Z",0.0176866540756761,0.350049407651713,0.48511907763711,0.00455534894051185,0.142589511694989
"CbMPDiCbraya","S18_3D","S27_6D",0.0150098876324997,0.320305625913762,0.450910165595424,0.0028956716869427,0.210878649171372
"CbMPDiCbraya","S18_3D","S28_7B",0.00558351356092459,0.464107850546501,0.458525353332961,0.000512545022178107,0.0712707375374352
"CbMPDiCbraya","S18_3D","S29_7Z",0.00350333738696015,0.664909295087691,0.252588194186562,0.00980615658283524,0.0691930167559512
"CbMPDiCbraya","S18_3D","S3_10D",0,0.459618341372441,0.451995219066662,0.0131420601788831,0.0752443793820135
"CbMPDiCbraya","S18_3D","S30_7D",0,0.700669795079658,0.0836529318149953,0.00606907075836647,0.20960820234698
"CbMPDiCbraya","S18_3D","S31_8B",0.0142912092789301,0.594843089895276,0.00374733350260184,0.0185412886996564,0.368577078623536
"CbMPDiCbraya","S18_3D","S32_8Z",0.00301604092213725,0.883228740191561,0.0146807873170014,0.0130480501128914,0.0860263814564089
"CbMPDiCbraya","S18_3D","S33_8D",0.00012680199033844,0.761616344445402,0.17470938854796,0.0129664240359924,0.0505810409803072
"CbMPDiCbraya","S18_3D","S34_9B",0.00167882311400245,0.201124117127656,0.611508329538337,0.00615301229990588,0.179535717920098
"CbMPDiCbraya","S18_3D","S35_9Z",0.00365568398319599,0.312288824502588,0.518062983851772,0.00546609463646166,0.160526413025982
"CbMPDiCbraya","S18_3D","S36_9D",0.00174571707548007,0.380570877034324,0.457290618804332,0.00693930994451967,0.153453477141344
"CbMPDiCbraya","S18_3D","S4_11B",7.50003108123813e-05,0.548256994129344,0.381648706697521,0.00502407488344052,0.0649952239788817
"CbMPDiCbraya","S18_3D","S5_11Z",0,0.527677638447729,0.394473662836004,0.00147416820667781,0.0763745305095896
"CbMPDiCbraya","S18_3D","S6_11D",0.000713420860573798,0.750065840302354,0.191789383745531,0.00263512862615178,0.0547962264653894
"CbMPDiCbraya","S18_3D","S7_12B",0.0320608027664282,0.587139650839196,0.234041154330411,0.0155490218671679,0.131209370196797
"CbMPDiCbraya","S18_3D","S8_12Z",0.0270411890913362,0.48645319342393,0.297327086676798,0.00902409671931175,0.180154434088624
"CbMPDiCbraya","S18_3D","S9_12D",0.020161437106434,0.512334347014421,0.277486042534346,0.00704092725022828,0.18297724609457
"CbMPDiCbraya","S19_4B","S2_10Z",0.00254272259623039,0.324461360068393,0.500436737656467,0.0439521980537202,0.12860698162519
"CbMPDiCbraya","S19_4B","S20_4Z",0.00856599539899913,0.412036093552931,0.512223853456802,0.0244162428228418,0.0427578147684267
"CbMPDiCbraya","S19_4B","S21_4D",0.00637302037358017,0.732904738925209,0.192790833042428,0.0416031196996785,0.0263282879591049
"CbMPDiCbraya","S19_4B","S22_5B",0.00444278522307834,0.555436988954151,0.310687610223945,0.0863464178145001,0.0430861977843256
"CbMPDiCbraya","S19_4B","S23_5Z",0.0021628302178279,0.809398092254769,0.0537378207253978,0.0673959112312916,0.0673053455707135
"CbMPDiCbraya","S19_4B","S24_5D",0.00251703634556933,0.684687594721249,0.235072790314698,0.0282739112275086,0.0494486673909757
"CbMPDiCbraya","S19_4B","S25_6B",0.00889824640529011,0.625279793261574,0.0750721880401861,0.0352337766061885,0.255515995686761
"CbMPDiCbraya","S19_4B","S26_6Z",0.00258558795693196,0.467754605596039,0.425976258100633,0.0268651387223402,0.0768184096240551
"CbMPDiCbraya","S19_4B","S27_6D",0.00204015629188886,0.597959147498357,0.300405860768537,0.0287772841862242,0.0708175512549931
"CbMPDiCbraya","S19_4B","S28_7B",0.00205555271062538,0.691839733815414,0.228268662726074,0.00557210831475229,0.0722639424331339
"CbMPDiCbraya","S19_4B","S29_7Z",0.00281184605839546,0.660977938073677,0.284363634767209,0.0140618562514053,0.037784724849313
"CbMPDiCbraya","S19_4B","S3_10D",0.00223078837547182,0.392957971201133,0.48356338177244,0.0387608117012618,0.0824870469496943
"CbMPDiCbraya","S19_4B","S30_7D",0.000728805036873393,0.739893945254326,0.178855129707338,0.0545235804903381,0.0259985395111241
"CbMPDiCbraya","S19_4B","S31_8B",0.0102579947474123,0.535981406420153,0.273462791326554,0.059428830131822,0.120868977374059
"CbMPDiCbraya","S19_4B","S32_8Z",0.00407847983933261,0.79119703659689,0.0766990102693743,0.0597600015477948,0.0682654717466087
"CbMPDiCbraya","S19_4B","S33_8D",0.00175731423039119,0.645087834651804,0.226422681832704,0.0598628657433315,0.0668693035417702
"CbMPDiCbraya","S19_4B","S34_9B",0.00325338570459217,0.255120147614357,0.652063531650477,0.034918698593918,0.0546442364366556
"CbMPDiCbraya","S19_4B","S35_9Z",0.0158350069519543,0.37645830925063,0.50227552692818,0.0485007829068064,0.0569303739624302
"CbMPDiCbraya","S19_4B","S36_9D",0.00141535929274135,0.551383209431925,0.341727676194423,0.0373167316109705,0.0681570234699398
"CbMPDiCbraya","S19_4B","S4_11B",0.00726674944527647,0.517965144073025,0.355526999965385,0.0452030820983054,0.0740380244180077
"CbMPDiCbraya","S19_4B","S5_11Z",0.0152508127933383,0.480604029895106,0.388251286606725,0.00293197687764687,0.112961893827183
"CbMPDiCbraya","S19_4B","S6_11D",0.0101187163070176,0.550124919600981,0.396332299985886,0.0167755385342516,0.026648525571864
"CbMPDiCbraya","S19_4B","S7_12B",0.00345702979874904,0.415327086540698,0.410155445723198,0.0433801695274768,0.127680268409878
"CbMPDiCbraya","S19_4B","S8_12Z",0.0057114771216651,0.368715380343397,0.454083390625843,0.0529843986993182,0.118505353209777
"CbMPDiCbraya","S19_4B","S9_12D",0.00288521550032664,0.334011765353746,0.578478010471465,0.0257653104458339,0.0588596982286291
"CbMPDiCbraya","S2_10Z","S20_4Z",0.00021729832974423,0.476461958185539,0.367274680987297,0.0131029346160182,0.142943127881402
"CbMPDiCbraya","S2_10Z","S21_4D",0.000399904009528873,0.491109877815798,0.379864415308151,0.0282151315437416,0.10041067132278
"CbMPDiCbraya","S2_10Z","S22_5B",0.0188537881891418,0.406802919695094,0.161985819382025,0.00241912125949444,0.409938351474245
"CbMPDiCbraya","S2_10Z","S23_5Z",0.0144108294663145,0.297062686292797,0.387399257506363,0.0122373427706614,0.288889883963864
"CbMPDiCbraya","S2_10Z","S24_5D",0.0220699274763719,0.38425127810718,0.307035772687928,0.00908363743769666,0.277559384290824
"CbMPDiCbraya","S2_10Z","S25_6B",0.0220642035266159,0.266228666399776,0.204559733456765,0.00254511743480231,0.50460227918204
"CbMPDiCbraya","S2_10Z","S26_6Z",0.0337113220707238,0.191785012202465,0.594114647704673,0.00982984032735286,0.170559177694786
"CbMPDiCbraya","S2_10Z","S27_6D",0.032405863517245,0.21447656866348,0.550125178045524,0.00509079448371783,0.197901595290034
"CbMPDiCbraya","S2_10Z","S28_7B",0.0378082693676406,0.525571207806243,0.288848544013513,0.00805316522180142,0.139718813590802
"CbMPDiCbraya","S2_10Z","S29_7Z",0.0360216217329273,0.526686751798652,0.27347653052002,0.0127803054205896,0.151034790527812
"CbMPDiCbraya","S2_10Z","S3_10D",0,0.461877242031004,0.0142827377621783,0.0289153408574497,0.494924679349368
"CbMPDiCbraya","S2_10Z","S30_7D",0.0222434866300081,0.501462648637725,0.253400480505609,0.00022597979838655,0.222667404428272
"CbMPDiCbraya","S2_10Z","S31_8B",0.0190039570067144,0.135462211145913,0.472685428030813,0.00614204477084645,0.366706359045713
"CbMPDiCbraya","S2_10Z","S32_8Z",0.00133630929030722,0.32338107040445,0.389416801757797,0.0120525654074225,0.273813253140023
"CbMPDiCbraya","S2_10Z","S33_8D",0.00179985255798769,0.430314625116894,0.347712072603546,0.00712296296578082,0.213050486755792
"CbMPDiCbraya","S2_10Z","S34_9B",0.000531667566959642,0.304612377325453,0.501097018695074,0.0190196783955209,0.174739258016993
"CbMPDiCbraya","S2_10Z","S35_9Z",0.00511691300571313,0.28196505016814,0.518602662106697,0.005586619364728,0.188728755354721
"CbMPDiCbraya","S2_10Z","S36_9D",0.0244038616333738,0.183130315937954,0.559182626651578,0.00696523023409498,0.226317965543
"CbMPDiCbraya","S2_10Z","S4_11B",0,0.439976997498014,0.29814546929812,0.0246256423297867,0.237251890874079
"CbMPDiCbraya","S2_10Z","S5_11Z",0,0.484433506201637,0.205485061288539,0.0210658694294862,0.289015563080338
"CbMPDiCbraya","S2_10Z","S6_11D",0.000375786237896548,0.432773414638697,0.320997920054874,0.0136619878526331,0.232190891215899
"CbMPDiCbraya","S2_10Z","S7_12B",0.000393350173851083,0.31748791183362,0.232917813482495,0.013840559182544,0.435360365327489
"CbMPDiCbraya","S2_10Z","S8_12Z",0.000228566573321693,0.513284156721418,0.253615204584399,0.0127787322518298,0.220093339869031
"CbMPDiCbraya","S2_10Z","S9_12D",0,0.594536776000008,0.220957542651566,0.0158072654455903,0.168698415902835
"CbMPDiCbraya","S20_4Z","S21_4D",0.00526975793516256,0.689293456509551,0.000383083212640977,0.0386005149689928,0.266453187373652
"CbMPDiCbraya","S20_4Z","S22_5B",0.0134399369288625,0.294674028464816,0.397449630850743,0.00620900244855498,0.288227401307023
"CbMPDiCbraya","S20_4Z","S23_5Z",0.00738654119657518,0.53062548262299,0.236412105108064,0.0180212288980268,0.207554642174344
"CbMPDiCbraya","S20_4Z","S24_5D",0.0178587771128342,0.475739971810246,0.360549732767004,0.00909774218739906,0.136753776122516
"CbMPDiCbraya","S20_4Z","S25_6B",0.0431833406243034,0.420208662704157,0.359433175580358,0.00576597868516291,0.171408842406018
"CbMPDiCbraya","S20_4Z","S26_6Z",0.0387597773223688,0.290274111613068,0.528758179838297,0.00595185001698119,0.136256081209285
"CbMPDiCbraya","S20_4Z","S27_6D",0.0291315442023755,0.310170335551979,0.490856344274883,0.00509188401226081,0.164749891958501
"CbMPDiCbraya","S20_4Z","S28_7B",0.0114981737497523,0.414135987017623,0.43961571217907,0.000471444502103621,0.134278682551451
"CbMPDiCbraya","S20_4Z","S29_7Z",0.0103932909664517,0.646304345059201,0.174006918617174,0.000731971088188775,0.168563474268985
"CbMPDiCbraya","S20_4Z","S3_10D",0.000522447462116395,0.435017448223455,0.462396254944688,0.0128960015605473,0.0891678478091934
"CbMPDiCbraya","S20_4Z","S30_7D",0.00692543519802149,0.717554854112758,0.0727100698968254,0.00300925291266609,0.199800387879729
"CbMPDiCbraya","S20_4Z","S31_8B",0.0363458555022386,0.574917693087863,0.219221887095448,0.023933439516556,0.145581124797895
"CbMPDiCbraya","S20_4Z","S32_8Z",0.0137148333035824,0.88906889736319,0.00343422969521218,0.0159586724890867,0.0778233671489286
"CbMPDiCbraya","S20_4Z","S33_8D",0.0115072802925626,0.724942495824594,0.200478317971982,0.0272326836705752,0.0358392222402864
"CbMPDiCbraya","S20_4Z","S34_9B",0.00443604333554819,0.200167485794735,0.654276770410655,0.00747499360508985,0.133644706853971
"CbMPDiCbraya","S20_4Z","S35_9Z",0.00227464187412121,0.30176848614989,0.546993308429594,0.00915101810626464,0.13981254544013
"CbMPDiCbraya","S20_4Z","S36_9D",0.00654725998457364,0.252271430175466,0.603457596719514,0.0139374494453793,0.123786263675067
"CbMPDiCbraya","S20_4Z","S4_11B",0.000164042404582706,0.499277400444151,0.41116336399803,0.00440484007886687,0.0849903530743691
"CbMPDiCbraya","S20_4Z","S5_11Z",0.00150140542361739,0.471641185532377,0.413007165236033,0.0165618778137333,0.0972883659942398
"CbMPDiCbraya","S20_4Z","S6_11D",0.000673392774653801,0.688370805372202,0.197027276257286,0.00580877820839834,0.10811974738746
"CbMPDiCbraya","S20_4Z","S7_12B",0.0319673578597605,0.574049630121158,0.265406363619197,0.0118178263699034,0.116758822029982
"CbMPDiCbraya","S20_4Z","S8_12Z",0.0269292686653366,0.500792076791794,0.309391592360098,0.0135440677482116,0.14934299443456
"CbMPDiCbraya","S20_4Z","S9_12D",0.0201264305641796,0.513952219076734,0.310299901437065,0.00852280502503863,0.147098643896983
"CbMPDiCbraya","S21_4D","S22_5B",0.00687134355204093,0.40190505167646,0.386239451102021,0.0151375421730364,0.189846611496442
"CbMPDiCbraya","S21_4D","S23_5Z",0.00193976035392294,0.627786204865021,0.209095246830445,0.0150948078452727,0.146083980105339
"CbMPDiCbraya","S21_4D","S24_5D",0.00674094592604431,0.505437902138004,0.319143329727662,0.0086302476510461,0.160047574557244
"CbMPDiCbraya","S21_4D","S25_6B",0.0255853219219734,0.437672506953296,0.335895328902188,0.0111373679017229,0.189709474320819
"CbMPDiCbraya","S21_4D","S26_6Z",0.0176866540756761,0.350049407651713,0.485357910266653,0.00472478221386669,0.142181245792091
"CbMPDiCbraya","S21_4D","S27_6D",0.0150098876324997,0.320305625913762,0.46949671024581,0.00248059706234684,0.192707179145582
"CbMPDiCbraya","S21_4D","S28_7B",0.00558351356092459,0.464107850546501,0.44550101381603,0.000512545022178107,0.0842950770543666
"CbMPDiCbraya","S21_4D","S29_7Z",0.00350333738696015,0.664909295087691,0.251608114558801,0.0104557739683047,0.0695234789982428
"CbMPDiCbraya","S21_4D","S3_10D",0,0.459618341372441,0.451995219066662,0.00714350950237307,0.0812429300585235
"CbMPDiCbraya","S21_4D","S30_7D",0,0.700669795079658,0.0832193680235956,0.00337339394474188,0.212737442952005
"CbMPDiCbraya","S21_4D","S31_8B",0.0142912092789301,0.594843089895276,0.00374733350260184,0.0189389698607014,0.368179397462491
"CbMPDiCbraya","S21_4D","S32_8Z",0.00301604092213725,0.883228740191561,0.0180528785535827,0.0130157193470852,0.0826866209856339
"CbMPDiCbraya","S21_4D","S33_8D",0.00012680199033844,0.761616344445402,0.17470938854796,0.0138663132209237,0.0496811517953758
"CbMPDiCbraya","S21_4D","S34_9B",0.00167882311400245,0.201124117127656,0.614552958455485,0.00629499670756521,0.176349104595291
"CbMPDiCbraya","S21_4D","S35_9Z",0.00365568398319599,0.312288824502588,0.518427980925656,0.00853767585124449,0.157089834737315
"CbMPDiCbraya","S21_4D","S36_9D",0.00174571707548007,0.380570877034324,0.463175475742208,0.00647183492039865,0.148036095227589
"CbMPDiCbraya","S21_4D","S4_11B",7.50003108123813e-05,0.548256994129344,0.374860793832585,0.00502407488344052,0.0717831368438177
"CbMPDiCbraya","S21_4D","S5_11Z",0,0.527677638447729,0.384390209974159,0.00956061671215732,0.0783715348659552
"CbMPDiCbraya","S21_4D","S6_11D",0.000713420860573798,0.750065840302354,0.181165360463502,0.00263512862615178,0.0654202497474178
"CbMPDiCbraya","S21_4D","S7_12B",0.0320608027664282,0.587139650839196,0.234041154330411,0.0148095743262364,0.131948817737729
"CbMPDiCbraya","S21_4D","S8_12Z",0.0270411890913362,0.48645319342393,0.299761971402045,0.00910398126505152,0.177639664817637
"CbMPDiCbraya","S21_4D","S9_12D",0.020161437106434,0.512334347014421,0.274888704598276,0.00696154959960856,0.18565396168126
"CbMPDiCbraya","S22_5B","S23_5Z",0.00258016895411569,0.870863555591333,0.00712934904683601,0.00219671977679485,0.117230206630921
"CbMPDiCbraya","S22_5B","S24_5D",0.00324489197089915,0.622269437577206,0.155767394152724,0.00704745643904498,0.211670819860126
"CbMPDiCbraya","S22_5B","S25_6B",0.00938316550679038,0.496688198503111,0.236112517506038,0.00246078281925554,0.255355335664805
"CbMPDiCbraya","S22_5B","S26_6Z",0.00329115013687061,0.545724783901553,0.322728170389644,0.00773181216597821,0.120524083405954
"CbMPDiCbraya","S22_5B","S27_6D",0.00371699322916073,0.531794965153164,0.361635327034791,0.00976631209104738,0.0930864024918373
"CbMPDiCbraya","S22_5B","S28_7B",0.00245762819778177,0.641348964549473,0.146643067727795,0.0200986023352405,0.18945173718971
"CbMPDiCbraya","S22_5B","S29_7Z",0,0.398661764398736,0.248427667273983,0.0330282467153629,0.319882321611919
"CbMPDiCbraya","S22_5B","S3_10D",0.0180907920697148,0.444279547556785,0.205810559141837,0.00260708222004479,0.329212019011619
"CbMPDiCbraya","S22_5B","S30_7D",0.000374386941383485,0.591975945162866,0.0881898009997024,0.0338533512872017,0.285606515608846
"CbMPDiCbraya","S22_5B","S31_8B",0.00424284020715043,0.525753103149778,0.358243750562232,0.00180701801493195,0.109953288065908
"CbMPDiCbraya","S22_5B","S32_8Z",0.000965867988577489,0.336499758488615,0.447444017772289,0.00204541949014204,0.213044936260377
"CbMPDiCbraya","S22_5B","S33_8D",0.0210979606474578,0.524180028000428,0.214626026024583,0.00696192654979119,0.23313405877774
"CbMPDiCbraya","S22_5B","S34_9B",0.000943713664103123,0.34596511467917,0.410408721848341,0.0112229517717162,0.231459498036669
"CbMPDiCbraya","S22_5B","S35_9Z",0.00418044549822175,0.453742232117742,0.356132019651225,0.0109603357804514,0.17498496695236
"CbMPDiCbraya","S22_5B","S36_9D",0.0113034817512019,0.523708288424845,0.229962223171173,0.00725876272905222,0.227767243923728
"CbMPDiCbraya","S22_5B","S4_11B",0.0336039213723001,0.6009345833346,0.0809785595810733,0.00175093935903934,0.282731996352988
"CbMPDiCbraya","S22_5B","S5_11Z",0.0236085370015203,0.495500760481061,0.157972778277273,0.00178451190298783,0.321133412337159
"CbMPDiCbraya","S22_5B","S6_11D",0.0247895209368981,0.604926753317993,0.129834481746737,0.0061936248717488,0.234255619126623
"CbMPDiCbraya","S22_5B","S7_12B",0.004245611288171,0.42547628974111,0.108185417801969,0.00161649362217577,0.460476187546574
"CbMPDiCbraya","S22_5B","S8_12Z",0.0107299508652328,0.427306322506748,0.128517779437932,0.00132593020601069,0.432120016984076
"CbMPDiCbraya","S22_5B","S9_12D",0.0108320037549739,0.382426515629291,0.0964478137370956,0.00513286520104967,0.50516080167759
"CbMPDiCbraya","S23_5Z","S24_5D",0,0.901681458141072,0.00212299014333059,0.00581342778310106,0.0903821239324958
"CbMPDiCbraya","S23_5Z","S25_6B",0.00255141150175594,0.803388126987337,0.00250829454645959,0.0029597967230254,0.188592370241422
"CbMPDiCbraya","S23_5Z","S26_6Z",0.000275472195273855,0.687833132764979,0.207681740667367,0.00606058426232237,0.098149070110058
"CbMPDiCbraya","S23_5Z","S27_6D",0,0.684540637822729,0.228568147186822,0.00622288607910558,0.0806683289113438
"CbMPDiCbraya","S23_5Z","S28_7B",0.00361003934751881,0.477862546519101,0.408717728851281,0.021593888263083,0.0882157970190157
"CbMPDiCbraya","S23_5Z","S29_7Z",0.00190098240550591,0.403341089911645,0.41426542927726,0.0395304494500983,0.14096204895549
"CbMPDiCbraya","S23_5Z","S3_10D",0.013405918759569,0.350099781215954,0.367124824355718,0.0188187948498069,0.250550680818952
"CbMPDiCbraya","S23_5Z","S30_7D",0.00140395103018807,0.544708004154848,0.374423748594763,0.00636910000865815,0.0730951962115431
"CbMPDiCbraya","S23_5Z","S31_8B",0.0008266959189838,0.69421481875021,0,0.00373678151239727,0.301221703818409
"CbMPDiCbraya","S23_5Z","S32_8Z",0.00324601041011268,0.945627019456478,0.01389266815845,0.0072701640665988,0.0299641379083605
"CbMPDiCbraya","S23_5Z","S33_8D",0.00945399461703883,0.749972422803276,0.132586102587348,0.0116665860169232,0.096320893975414
"CbMPDiCbraya","S23_5Z","S34_9B",0.0192530103809824,0.449051267088737,0.353100369664928,0.0239409013303045,0.154654451535047
"CbMPDiCbraya","S23_5Z","S35_9Z",0.0047402249598286,0.319163823611159,0.525696250548737,0.0121506752539223,0.138249025626352
"CbMPDiCbraya","S23_5Z","S36_9D",0.00120913784900174,0.691440950885493,0.172227659015252,0.0162568239303327,0.118865428319921
"CbMPDiCbraya","S23_5Z","S4_11B",0.0129499561018437,0.711856178232636,0.0859765066143153,0.0173963585121714,0.171821000539033
"CbMPDiCbraya","S23_5Z","S5_11Z",0.000172813548582209,0.407890945305086,0.41651156038456,0.0200165240236218,0.15540815673815
"CbMPDiCbraya","S23_5Z","S6_11D",0.00812284813239591,0.735608143595781,0.0767729579587518,0.0218211120117623,0.157674938301309
"CbMPDiCbraya","S23_5Z","S7_12B",0.0366058940020982,0.360734262963827,0.341629051385062,0.00590026415472693,0.255130527494286
"CbMPDiCbraya","S23_5Z","S8_12Z",0.00814653374815088,0.638269838386925,0.0433757362159293,0.00410905566191722,0.306098835987077
"CbMPDiCbraya","S23_5Z","S9_12D",0.0264542552039596,0.265494093046694,0.325882422641836,0.0134078292648651,0.368761399842646
"CbMPDiCbraya","S24_5D","S25_6B",0.00103809066382656,0.669085759299457,0.0330613183574014,0.00395911517122734,0.292855716508087
"CbMPDiCbraya","S24_5D","S26_6Z",4.7908207873714e-05,0.50829719896924,0.298055780964292,0.0135286381088875,0.180070473749707
"CbMPDiCbraya","S24_5D","S27_6D",0,0.56909775820035,0.336324730975793,0.00940019159099858,0.0851773192328581
"CbMPDiCbraya","S24_5D","S28_7B",0.00245762819778177,0.501367703133028,0.414064133765631,0.0254857579578918,0.0566247769456672
"CbMPDiCbraya","S24_5D","S29_7Z",0,0.643959042305283,0.28608041153845,0.0151891335981165,0.0547714125581505
"CbMPDiCbraya","S24_5D","S3_10D",0.0353919982767945,0.418661441785336,0.286042612998062,0.00800930184010985,0.251894645099698
"CbMPDiCbraya","S24_5D","S30_7D",0.000471010109794287,0.732903365257093,0.129862775210824,0.00748597305064741,0.129276876371642
"CbMPDiCbraya","S24_5D","S31_8B",0,0.573704765036185,0.0018998452211249,0.00503341932676217,0.419361970415928
"CbMPDiCbraya","S24_5D","S32_8Z",0.00156227604987817,0.780183169561691,0.0389633906000998,0.00309306427453911,0.176198099513792
"CbMPDiCbraya","S24_5D","S33_8D",0.000892651852252593,0.528657093488838,0.213605605595112,0.00140650986991976,0.255438139193878
"CbMPDiCbraya","S24_5D","S34_9B",0.00213537793131152,0.349884549740827,0.377996296585705,0.00698168074368495,0.263002094998471
"CbMPDiCbraya","S24_5D","S35_9Z",9.844497096167e-05,0.499145541640799,0.316171804150434,0.00808175941779475,0.176502449820011
"CbMPDiCbraya","S24_5D","S36_9D",0.00375038309813923,0.554645813417708,0.236324411023987,0.0119281442454243,0.193351248214741
"CbMPDiCbraya","S24_5D","S4_11B",0.0135519340293197,0.509316738376773,0.222537045660873,0.00166096440248383,0.25293331753055
"CbMPDiCbraya","S24_5D","S5_11Z",0.00100053686261461,0.435791661861044,0.361934125338737,0.0186417686495338,0.18263190728807
"CbMPDiCbraya","S24_5D","S6_11D",0.00829564300018332,0.484578017203359,0.307894771621203,0.00187141028488167,0.197360157890373
"CbMPDiCbraya","S24_5D","S7_12B",0.0505418909449929,0.458463015318045,0.251999784917225,0.00319031376965076,0.235804995050086
"CbMPDiCbraya","S24_5D","S8_12Z",0.0169601754405895,0.468290518114274,0.196690781495995,0.00151819124875927,0.316540333700382
"CbMPDiCbraya","S24_5D","S9_12D",0.034647101576048,0.37238203739281,0.363224400822434,0.00429914108911613,0.225447319119592
"CbMPDiCbraya","S25_6B","S26_6Z",7.18623118105709e-05,0.581796307960414,0.0110538637945428,0.00614907824400472,0.400928887689228
"CbMPDiCbraya","S25_6B","S27_6D",0.000742372427557838,0.550907896932076,0.0247854241982648,0.0019858036487271,0.421578502793374
"CbMPDiCbraya","S25_6B","S28_7B",0.0207363185528663,0.62227813787384,0.217936055913991,0.00379899912586115,0.135250488533442
"CbMPDiCbraya","S25_6B","S29_7Z",0.00524261817646324,0.580211887973313,0.31697275358772,0.0112359188855051,0.0863368213769991
"CbMPDiCbraya","S25_6B","S3_10D",0.0217808016420131,0.344623532498531,0.349906170302005,0.00371846117750832,0.279971034379943
"CbMPDiCbraya","S25_6B","S30_7D",0.00411569691712164,0.693229516192521,0.0260702337016509,0.00630186255418465,0.270282690634522
"CbMPDiCbraya","S25_6B","S31_8B",0.00101066128396208,0.544809287861282,0.000717034785379845,0.0013917267739753,0.452071289295401
"CbMPDiCbraya","S25_6B","S32_8Z",0.000778307190307359,0.483582959743802,0.328797356997423,0.0031428871305093,0.183698488937958
"CbMPDiCbraya","S25_6B","S33_8D",0.0130436215449597,0.598586531172567,0.0736190480431824,0.00303995794100541,0.311710841298286
"CbMPDiCbraya","S25_6B","S34_9B",0.0143569884602884,0.334657450619521,0.422731966223719,0.0102032283330362,0.218050366363435
"CbMPDiCbraya","S25_6B","S35_9Z",0.0114972041752177,0.429613801537177,0.309759924402313,0.00722301883635764,0.241906051048935
"CbMPDiCbraya","S25_6B","S36_9D",0.00871393331803626,0.483202786426523,0.16962707511407,0.00724255393241203,0.331213651208959
"CbMPDiCbraya","S25_6B","S4_11B",0.052867035265218,0.442425184269732,0.254150695121869,0.00153300858466135,0.24902407675852
"CbMPDiCbraya","S25_6B","S5_11Z",0.0417695631950101,0.378823038661833,0.229861164752705,0.00169186286046809,0.347854370529984
"CbMPDiCbraya","S25_6B","S6_11D",0.0480339729776318,0.444728651122291,0.22784084660426,0.00476179763387555,0.274634731661942
"CbMPDiCbraya","S25_6B","S7_12B",0.0653685629445082,0.374830391418987,0.179871256632983,0.00193721304218222,0.37799257596134
"CbMPDiCbraya","S25_6B","S8_12Z",0.0338293107276407,0.385576973597915,0.0115369006743172,0.00128062344459538,0.567776191555531
"CbMPDiCbraya","S25_6B","S9_12D",0.0652620650615326,0.294040609158179,0.144416634921741,0.00278359318849544,0.493497097670052
"CbMPDiCbraya","S26_6Z","S27_6D",0,0.446487282766759,0.0570358382959639,0.0118582602351961,0.484618618702081
"CbMPDiCbraya","S26_6Z","S28_7B",0.000165539723166648,0.561201481209891,0.331392400519851,0.00901462880019083,0.0982259497469007
"CbMPDiCbraya","S26_6Z","S29_7Z",0.00346923832539286,0.532323264855873,0.393937737551609,0.0129085971495078,0.0573611621176175
"CbMPDiCbraya","S26_6Z","S3_10D",0.0351336172729428,0.306921195790952,0.521263430716617,0.0093045236322361,0.127377232587253
"CbMPDiCbraya","S26_6Z","S30_7D",0.00080987379752196,0.599237424833396,0.258231158715157,0.00628832244190544,0.13543322021202
"CbMPDiCbraya","S26_6Z","S31_8B",0.000275472195273855,0.459568899098499,0.219350349997683,0.00473100064814376,0.3160742780604
"CbMPDiCbraya","S26_6Z","S32_8Z",0.000101804941731642,0.691319915341239,0.208015799304464,0.00575501971295126,0.094807460699614
"CbMPDiCbraya","S26_6Z","S33_8D",0.00185541466181995,0.498674150860244,0.38092142401073,0.00416282757134068,0.114386182895866
"CbMPDiCbraya","S26_6Z","S34_9B",0.00964373545122957,0.287894044903345,0.574017889363872,0.00252933340943292,0.125914996872121
"CbMPDiCbraya","S26_6Z","S35_9Z",0.00219492307586014,0.393158948803851,0.51935322222568,0.0106941244656652,0.0745987814289439
"CbMPDiCbraya","S26_6Z","S36_9D",0.00188980652670276,0.449686212279287,0.44588252239503,0.00643166869483616,0.0961097901041443
"CbMPDiCbraya","S26_6Z","S4_11B",0.0338045812140744,0.337534820959769,0.493790260338863,0.000294765615686865,0.134575571871607
"CbMPDiCbraya","S26_6Z","S5_11Z",0.0212507166544395,0.308428620859928,0.537645702571082,0.00124255062282449,0.131432409291726
"CbMPDiCbraya","S26_6Z","S6_11D",0.0292153790320646,0.367813272027544,0.502042541659004,0.00118161710833166,0.0997471901730564
"CbMPDiCbraya","S26_6Z","S7_12B",0.0368314389147508,0.339925743732341,0.508052386388947,0.00545243396927592,0.109737996994686
"CbMPDiCbraya","S26_6Z","S8_12Z",0.00669343932693726,0.333279954077855,0.435379466762576,0.00168456869193874,0.222962571140694
"CbMPDiCbraya","S26_6Z","S9_12D",0.0530845081923045,0.218388410902265,0.594285176965093,0.000345619864898353,0.133896284075439
"CbMPDiCbraya","S27_6D","S28_7B",4.95258367785347e-05,0.547721883655009,0.346585496491734,0.0242845710163462,0.0813585230001321
"CbMPDiCbraya","S27_6D","S29_7Z",0.00345774374299343,0.576053459587858,0.336155048311137,0.00908823280067978,0.0752455155573316
"CbMPDiCbraya","S27_6D","S3_10D",0.03178841425816,0.32368898578936,0.512203760874465,0.00518966232041183,0.127129176757603
"CbMPDiCbraya","S27_6D","S30_7D",0.000684983197077668,0.60003827456329,0.269451964184136,0.00743356505684361,0.122391212998653
"CbMPDiCbraya","S27_6D","S31_8B",0.00124134405919507,0.449312631205055,0,0.00452803529951338,0.544917989436236
"CbMPDiCbraya","S27_6D","S32_8Z",0,0.669480691363818,0.244726165932292,0.00799325993221726,0.0777998827716723
"CbMPDiCbraya","S27_6D","S33_8D",0.000892651852252593,0.489718344822054,0.397242327662166,0.00244310121107602,0.109703574452452
"CbMPDiCbraya","S27_6D","S34_9B",0.0183324232222268,0.283478504054294,0.591032258310059,0.00306179516219641,0.104095019251224
"CbMPDiCbraya","S27_6D","S35_9Z",0.00146648979542163,0.390528102841438,0.523276818838684,0.00606029783431371,0.0786682906901418
"CbMPDiCbraya","S27_6D","S36_9D",0.000849469890367486,0.439415226132545,0.469631172804631,0.00589777349162109,0.0842063576808346
"CbMPDiCbraya","S27_6D","S4_11B",0.0129499561018437,0.354500486722192,0.51077359156218,0.00185960794553001,0.119916357668253
"CbMPDiCbraya","S27_6D","S5_11Z",0.00075484277932827,0.322489066331107,0.526696602242157,0.0012727812109152,0.148786707436492
"CbMPDiCbraya","S27_6D","S6_11D",0.00809081529047293,0.379270797570989,0.492487367673515,0.000167051428198395,0.119983968036824
"CbMPDiCbraya","S27_6D","S7_12B",0.045621044808821,0.35010870798863,0.467745366929038,0.00229409890843347,0.134230781365078
"CbMPDiCbraya","S27_6D","S8_12Z",0.0126400843869501,0.372664992106492,0.386185570285499,0.000427265286214023,0.228082087934845
"CbMPDiCbraya","S27_6D","S9_12D",0.0300892540385398,0.281168659452884,0.545483267127817,0.000997428317935407,0.142261391062824
"CbMPDiCbraya","S28_7B","S29_7Z",5.20772585587136e-05,0.738737877390076,0.102407478328749,0.0100916572684473,0.148710909754169
"CbMPDiCbraya","S28_7B","S3_10D",0.0385563610602859,0.471141770735732,0.392243608640731,0.00487750421981379,0.0931807553434378
"CbMPDiCbraya","S28_7B","S30_7D",0,0.763294127891911,0.145112742628442,0.00946755492277113,0.0821255745568766
"CbMPDiCbraya","S28_7B","S31_8B",0.0152551221810495,0.355537651799018,0.489355389680831,0.0246041828830942,0.115247653456007
"CbMPDiCbraya","S28_7B","S32_8Z",0.00655140166530125,0.364670626709936,0.413593943579489,0.0218399777230391,0.193344050322235
"CbMPDiCbraya","S28_7B","S33_8D",0.00419407191818101,0.584106148857463,0.291371961491709,0.00756713953332693,0.11276067819932
"CbMPDiCbraya","S28_7B","S34_9B",0,0.444110476773083,0.493460698879169,0.0146020817731538,0.047826742574595
"CbMPDiCbraya","S28_7B","S35_9Z",0.0122499395143319,0.497179629669681,0.404450007313935,0.0168108352872798,0.0693095882147721
"CbMPDiCbraya","S28_7B","S36_9D",0.000165539723166648,0.576722561269929,0.319067079575538,0.0150166729190077,0.0890281465123582
"CbMPDiCbraya","S28_7B","S4_11B",0.0107045353162019,0.541922556608957,0.335406016417322,0.0115332501399104,0.100433641517609
"CbMPDiCbraya","S28_7B","S5_11Z",0.000632596243366086,0.556934388460273,0.336394850507978,0.000209879066735664,0.105828285721648
"CbMPDiCbraya","S28_7B","S6_11D",0.00114773364372167,0.503993599814498,0.360193291293408,0.00648459392711768,0.128180781321254
"CbMPDiCbraya","S28_7B","S7_12B",0.0140298932243403,0.527833608943756,0.311849122229313,0.004618653594784,0.141668722007807
"CbMPDiCbraya","S28_7B","S8_12Z",0.0104723366685139,0.461225975157794,0.389543137409452,0.0405049104751365,0.098253640289104
"CbMPDiCbraya","S28_7B","S9_12D",0.00889083813440523,0.422660713815092,0.461484540820674,0.00732228848780357,0.0996416187420248
"CbMPDiCbraya","S29_7Z","S3_10D",0.0357485236455844,0.430986300088195,0.411875712683776,6.21909646115488e-05,0.121327272617834
"CbMPDiCbraya","S29_7Z","S30_7D",0,0.664909990123038,0.228468919276283,0.012053240076964,0.0945678505237151
"CbMPDiCbraya","S29_7Z","S31_8B",0.0219098629072543,0.50142861300547,0.345878277397152,0.0104303089760952,0.120352937714029
"CbMPDiCbraya","S29_7Z","S32_8Z",0,0.65131555289649,0.15235072662075,0.0106678885240388,0.185665831958721
"CbMPDiCbraya","S29_7Z","S33_8D",0.000385014392316642,0.476417962962636,0.405161809301009,0.00929113427188821,0.10874407907215
"CbMPDiCbraya","S29_7Z","S34_9B",0.00655068453008321,0.362993983266344,0.524146946294365,0.0250256952148008,0.0812826906944071
"CbMPDiCbraya","S29_7Z","S35_9Z",5.40471819464441e-05,0.471687125731013,0.437185518771045,0.0177145683008005,0.0733587400151954
"CbMPDiCbraya","S29_7Z","S36_9D",0.00382434232286524,0.387379178596606,0.497981697837404,0.0137539968269368,0.0970607844161876
"CbMPDiCbraya","S29_7Z","S4_11B",0.000248503860637058,0.498706304212733,0.390181750413308,0.00012425172027669,0.110739189793045
"CbMPDiCbraya","S29_7Z","S5_11Z",0.0210749600084515,0.497713124766261,0.330542074247747,0.000156573711800163,0.150513267265741
"CbMPDiCbraya","S29_7Z","S6_11D",0.00104880500437972,0.514253234171328,0.369583433580784,0.000251093959614898,0.114863433283894
"CbMPDiCbraya","S29_7Z","S7_12B",0.0118525693453225,0.559924073948874,0.256245860648563,4.79217831039318e-05,0.171929574274136
"CbMPDiCbraya","S29_7Z","S8_12Z",0.00821201322544112,0.417991917256691,0.395203749243482,0.0116498403707249,0.16694247990366
"CbMPDiCbraya","S29_7Z","S9_12D",0.00757764475947679,0.443326028764221,0.388033244278192,0.00094912789672892,0.160113954301381
"CbMPDiCbraya","S3_10D","S30_7D",0.0223192863991367,0.55094989210038,0.283107524472395,0.000378467034295752,0.143244829993792
"CbMPDiCbraya","S3_10D","S31_8B",0.0271127998976729,0.141527021889577,0.439798267732047,0.00786557373842958,0.383696336742274
"CbMPDiCbraya","S3_10D","S32_8Z",0.0186191741907471,0.300962714725715,0.328573963916125,0.00890355497280612,0.342940592194606
"CbMPDiCbraya","S3_10D","S33_8D",0.00114366517835365,0.471212707684336,0.366992131518578,0.00137267216487651,0.159278823453856
"CbMPDiCbraya","S3_10D","S34_9B",0.000648803854170981,0.0849886667960523,0.764670491819813,0.00610498856658358,0.14358704896338
"CbMPDiCbraya","S3_10D","S35_9Z",0.00670394148285955,0.209108452234557,0.586581995948505,0.00967635764419098,0.187929252689888
"CbMPDiCbraya","S3_10D","S36_9D",0.0247841290749247,0.231947185934725,0.52568592585845,0.0100446909268504,0.20753806820505
"CbMPDiCbraya","S3_10D","S4_11B",0,0.468830573731959,0.317675383626122,0.00729662380776205,0.206197418834156
"CbMPDiCbraya","S3_10D","S5_11Z",0,0.479784744357403,0.360888039478923,0.00583807688773514,0.153489139275939
"CbMPDiCbraya","S3_10D","S6_11D",0.000380661101852044,0.46115563809689,0.365752389685537,0.00713943587631956,0.165571875239402
"CbMPDiCbraya","S3_10D","S7_12B",0.000233172031944373,0.565800131760347,0.23343102031241,0.0129664555346486,0.18756922036065
"CbMPDiCbraya","S3_10D","S8_12Z",0,0.511678299684768,0.249070688813656,0.012724111109995,0.226526900391581
"CbMPDiCbraya","S3_10D","S9_12D",0,0.590438144117765,0.249632361749322,0.012008262082148,0.147921232050765
"CbMPDiCbraya","S30_7D","S31_8B",0.00249591294255656,0.417864352074115,0.279644395560406,0.0112146709241368,0.288780668498786
"CbMPDiCbraya","S30_7D","S32_8Z",0.00178457775392794,0.444367669200193,0.35341750713242,0.0156941229865193,0.18473612292694
"CbMPDiCbraya","S30_7D","S33_8D",0.000147729845357115,0.594588623089197,0.303375827223109,0.0110837725670351,0.0908040472753012
"CbMPDiCbraya","S30_7D","S34_9B",0.00269649596852509,0.500022399379498,0.378625475856204,0.00219829555806453,0.116457333237709
"CbMPDiCbraya","S30_7D","S35_9Z",0.00223338554675369,0.530545852718129,0.30524764125365,0.0112564264995716,0.150716693981896
"CbMPDiCbraya","S30_7D","S36_9D",0.000112316082415045,0.617459811933651,0.242699685041812,0.00759797323958812,0.132130213702534
"CbMPDiCbraya","S30_7D","S4_11B",0.0068318310829835,0.551963996649622,0.303466338398891,0.000666906468555775,0.137070927399948
"CbMPDiCbraya","S30_7D","S5_11Z",0.000271699887586096,0.545828175914353,0.346309574831104,0.000207844985566143,0.107382704381391
"CbMPDiCbraya","S30_7D","S6_11D",0.000525724546158088,0.499339226762726,0.375787841937659,0.000388169868325297,0.123959036885132
"CbMPDiCbraya","S30_7D","S7_12B",0.0124241858832007,0.659422527811525,0.163821419207051,0.000368768611308983,0.163963098486914
"CbMPDiCbraya","S30_7D","S8_12Z",0.0105670057940104,0.537016885183343,0.175613373568519,0.000500041437759408,0.276302694016368
"CbMPDiCbraya","S30_7D","S9_12D",0.00877025860229222,0.384093297511613,0.432575319372688,0.000592005124419862,0.173969119388987
"CbMPDiCbraya","S31_8B","S32_8Z",0,0.166829171822865,0.534478853799288,0.0080223707162386,0.290669603661608
"CbMPDiCbraya","S31_8B","S33_8D",0.00371938271771914,0.548916965901919,0,0.00575549494172992,0.441608156438632
"CbMPDiCbraya","S31_8B","S34_9B",0.00327334698877841,0.41033353937995,0.480664310827151,0.0215279465495911,0.0842008562545295
"CbMPDiCbraya","S31_8B","S35_9Z",0.0028934357164433,0.406764575132974,0.475717543429359,0.00879035757357442,0.105834088147649
"CbMPDiCbraya","S31_8B","S36_9D",0.000706308489291596,0.384571031996634,0.424983937825595,0.00923822442849524,0.180500497259984
"CbMPDiCbraya","S31_8B","S4_11B",0.0375956851185201,0.418837887998224,0.232889001026307,0.00730911176263593,0.303368314094313
"CbMPDiCbraya","S31_8B","S5_11Z",0.0241639033211035,0.179280731929315,0.46490412008124,0.00734307585453718,0.324308168813805
"CbMPDiCbraya","S31_8B","S6_11D",0.038249162939196,0.429464374988613,0.222387374220576,0.00985911730843544,0.300039970543179
"CbMPDiCbraya","S31_8B","S7_12B",0.0527374998651583,0.183317958698356,0.415708064249568,0.00672980957803604,0.341506667608882
"CbMPDiCbraya","S31_8B","S8_12Z",0.0264520270094054,0.347943822769492,0.19223126379082,0.00250269742836661,0.430870189001916
"CbMPDiCbraya","S31_8B","S9_12D",0.0551350058191281,0.3707831971388,0.185027439709429,0.00820400162261852,0.380850355710024
"CbMPDiCbraya","S32_8Z","S33_8D",0.00233616565018057,0.581634552069154,0.0556288933778174,0.00667412567619309,0.353726263226655
"CbMPDiCbraya","S32_8Z","S34_9B",0.0010877417362143,0.513268923047069,0.304096046083666,0.0190114742452952,0.162535814887756
"CbMPDiCbraya","S32_8Z","S35_9Z",0,0.197434319163086,0.673304638179239,0.0100419257994628,0.119219116858213
"CbMPDiCbraya","S32_8Z","S36_9D",0.000317436131850272,0.4771683738067,0.331047134816789,0.0088320696357618,0.182634985608899
"CbMPDiCbraya","S32_8Z","S4_11B",0.0235376564519295,0.645990253691008,0.0441400157611773,0.00217025483712344,0.284161819258762
"CbMPDiCbraya","S32_8Z","S5_11Z",0.00257019544028986,0.736993830101786,0.0641976571082146,0.00527116094534197,0.190967156404368
"CbMPDiCbraya","S32_8Z","S6_11D",0.00805774961664207,0.651177075841845,0.0619697264856488,0.00641605083124061,0.272379397224624
"CbMPDiCbraya","S32_8Z","S7_12B",0.0299443638416989,0.410955359314593,0.331898893718194,0.00693547888656218,0.220265904238952
"CbMPDiCbraya","S32_8Z","S8_12Z",0.0326023494473661,0.67985396251062,0.0090105819922363,0.00409063493197193,0.274442471117805
"CbMPDiCbraya","S32_8Z","S9_12D",0.0453052688878193,0.668928618253576,0.00883555013589528,0.00845716948815326,0.268473393234556
"CbMPDiCbraya","S33_8D","S34_9B",0.000169062850805415,0.478626673198571,0.336292507359577,0.0118152315029898,0.173096525088057
"CbMPDiCbraya","S33_8D","S35_9Z",0.000148775308708766,0.551356814769394,0.251964803899879,0.0100778982938029,0.186451707728215
"CbMPDiCbraya","S33_8D","S36_9D",0.00141336543273327,0.664329689988627,0.164710536925527,0.0149287455201659,0.154617662132947
"CbMPDiCbraya","S33_8D","S4_11B",0.0132648813295771,0.457803957100881,0.205823686069269,0.00307148111390791,0.320035994386365
"CbMPDiCbraya","S33_8D","S5_11Z",0,0.358654082368233,0.324892837837311,0.00254818003077344,0.313904899763682
"CbMPDiCbraya","S33_8D","S6_11D",0,0.559045122429661,0.206389418758724,0.00118921175735342,0.233376247054262
"CbMPDiCbraya","S33_8D","S7_12B",0.0468075730198298,0.639033822185363,0.218344761397057,0.00336020527839516,0.092453638119356
"CbMPDiCbraya","S33_8D","S8_12Z",0.0395165269306711,0.646215168186569,0.215544659152301,0.00542811870188363,0.0932955270285754
"CbMPDiCbraya","S33_8D","S9_12D",0.032741020777886,0.574145824275711,0.208070870014847,0.00824802447059395,0.176794260460963
"CbMPDiCbraya","S34_9B","S35_9Z",0,0.250248026718783,0.631747516824909,0.0154418371970085,0.102562619259299
"CbMPDiCbraya","S34_9B","S36_9D",0,0.334513851223806,0.556568871484066,0.0148937625210383,0.0940235147710904
"CbMPDiCbraya","S34_9B","S4_11B",0.0375369338002004,0.162285179105183,0.604840038095006,0.00620012802621901,0.189137720973392
"CbMPDiCbraya","S34_9B","S5_11Z",0.0081078356543153,0.126090236267435,0.688386374795836,0.0104887726715018,0.166926780610912
"CbMPDiCbraya","S34_9B","S6_11D",0.0187728469523323,0.183629101860773,0.611713124449868,0.01831658948896,0.167568337248066
"CbMPDiCbraya","S34_9B","S7_12B",0.00109302478346884,0.400326167512578,0.400853522153168,0.0065121233664417,0.191215162184343
"CbMPDiCbraya","S34_9B","S8_12Z",0,0.378964266177269,0.352162991436958,0.00521836631037112,0.263654376075402
"CbMPDiCbraya","S34_9B","S9_12D",0.00136570637295246,0.381912083711102,0.473897515111223,0.0109876199530048,0.131837074851718
"CbMPDiCbraya","S35_9Z","S36_9D",0,0.538591075422063,0.277625029846137,0.0263231724118832,0.157460722319916
"CbMPDiCbraya","S35_9Z","S4_11B",0.00820615802684391,0.271361276774993,0.519857701073428,0.00497079791156242,0.195604066213173
"CbMPDiCbraya","S35_9Z","S5_11Z",0.000511491927426671,0.256685096087966,0.542857652830555,0.017975498727413,0.181970260426639
"CbMPDiCbraya","S35_9Z","S6_11D",0.000188062378844429,0.302293816694016,0.508275291321572,0.0054481650230444,0.183794664582522
"CbMPDiCbraya","S35_9Z","S7_12B",0.000241682738097508,0.354282479331,0.44400986866744,0.00869790744772423,0.192768061815738
"CbMPDiCbraya","S35_9Z","S8_12Z",0.000196342000891921,0.341745240626448,0.407320826960571,0.00639858312777992,0.244339007284309
"CbMPDiCbraya","S35_9Z","S9_12D",0.01584092126406,0.326858220393158,0.508825413587034,0.00710916404610235,0.141366280709645
"CbMPDiCbraya","S36_9D","S4_11B",0.0499773260400063,0.363848726723283,0.411313406286932,0.00567042473374602,0.169190116216033
"CbMPDiCbraya","S36_9D","S5_11Z",0.0225702020499324,0.28515480263965,0.474432199903183,0.0106983097820748,0.207144485625159
"CbMPDiCbraya","S36_9D","S6_11D",0.0410194204278933,0.525211843885994,0.18441549423983,0.00195414575478656,0.247399095691496
"CbMPDiCbraya","S36_9D","S7_12B",0.00131794956812834,0.317413232666067,0.45600776573495,0.00677127169683247,0.218489780334022
"CbMPDiCbraya","S36_9D","S8_12Z",0.000389798835277218,0.266305864031613,0.481303843191557,0.00895059630164655,0.243049897639906
"CbMPDiCbraya","S36_9D","S9_12D",0.0859975626603267,0.246568211433804,0.455699462688892,0.00912222071501084,0.202612542501966
"CbMPDiCbraya","S4_11B","S5_11Z",0,0.57329659914327,0.0456121581130229,0.0849676905365999,0.296123552207107
"CbMPDiCbraya","S4_11B","S6_11D",0.000219007927814487,0.579982426547507,0.0374567993974247,0.105420104668412,0.276921661458842
"CbMPDiCbraya","S4_11B","S7_12B",0.000153844314329202,0.666530140303736,0.189229758993042,0.0126455091862176,0.131440747202675
"CbMPDiCbraya","S4_11B","S8_12Z",0,0.542567428817773,0.265633552556712,0.014235054027542,0.177563964597973
"CbMPDiCbraya","S4_11B","S9_12D",0,0.556074009076913,0.239730919837255,0.0152632596021458,0.188931811483687
"CbMPDiCbraya","S5_11Z","S6_11D",0.000252802251777088,0.536201050123097,0.140833802380436,0.0144458517979022,0.308266493446788
"CbMPDiCbraya","S5_11Z","S7_12B",0.000932121497019117,0.659842273839785,0.202657933605546,0.0200548660738644,0.116512804983786
"CbMPDiCbraya","S5_11Z","S8_12Z",0,0.51995415737301,0.264929914746019,0.0402893018746636,0.174826626006307
"CbMPDiCbraya","S5_11Z","S9_12D",0.000938005042898048,0.574093870857441,0.281254129667876,0.00855677150478447,0.135157222927001
"CbMPDiCbraya","S6_11D","S7_12B",0,0.663433571363999,0.172552318055916,0.0117921965359262,0.152221914044159
"CbMPDiCbraya","S6_11D","S8_12Z",0,0.527423917423361,0.276539271459151,0.0193888368274525,0.176647974290036
"CbMPDiCbraya","S6_11D","S9_12D",0,0.564018592689073,0.244445214762756,0.0158696814679731,0.175666511080198
"CbMPDiCbraya","S7_12B","S8_12Z",0,0.640291064416263,0.00126300248807528,0.0405300420975807,0.317915890998081
"CbMPDiCbraya","S7_12B","S9_12D",0,0.660665617311193,0.00192225126016181,0.0159591432209639,0.321452988207682
"CbMPDiCbraya","S8_12Z","S9_12D",0,0.670615497909829,0.00138262548077256,0.161921910979799,0.166079965629599
