"Method","GroupBasedOn","Group","Process","bin1","bin2","bin3","bin4","bin5","bin6","bin7","bin8","bin9","bin10","bin11","bin12","bin13","bin14","bin15","bin16","bin17","bin18","bin19","bin20","bin21","bin22","bin23","bin24","bin25","bin26","bin27","bin28","bin29","bin30","bin31","bin32","bin33","bin34","bin35","bin36","bin37","bin38","bin39","bin40","bin41","bin42","bin43","bin44","bin45","bin46","bin47","bin48","bin49","bin50","bin51","bin52","bin53","bin54","bin55","bin56","bin57","bin58","bin59","bin60","bin61","bin62","bin63","bin64","bin65","bin66","bin67","bin68","bin69","bin70","bin71","bin72","bin73","bin74","bin75","bin76","bin77","bin78","bin79","bin80","bin81","bin82","bin83","bin84","bin85","bin86","bin87","bin88","bin89","bin90","bin91","bin92"
"CbMPDiCbraya","Management","Pre","HeS",0,0,0,0,0,0.0344429119607257,0,0,0,0.0763617807401021,0,0,0,0,0.00766502972194153,0,0,0.0953447967395338,0,0.16085631496369,0,0,0,0,0,0,0,0,0,0,0,0,0,0,0,0.0123990311112831,0,0,0,0,0,0,0,0,0,0.0103332852566122,0,0,0,0,0,0,0,0,0.231129498444101,0.0607168465469317,0,0,0,0,0,0,0,0,0,0,0,0,0,0,0,0,0.00626238046346454,0,0,0,0.0210831566133057,0,0,0,0,0,0,0,0.0185966431436397,0.264808324294669,0,0,0,0,0,0
"CbMPDiCbraya","Management","Pre","HoS",0.00200065343688463,0,0.000231109689698205,0,0,0,0.000189180812137678,0.000102437421414057,0.000545375819865815,0,6.33503119678708e-05,0.00243913004106434,0.00745022835135283,0.000443168355895293,8.36250704911061e-05,0,0,0.000489695815608372,0.000532524191032271,0,2.79796104446375e-05,0,8.36493341680509e-05,0.00772778474612329,0.0193007477542129,5.48357590228702e-05,0,0.000708937484352058,0,0,0.0167768072746973,0.00596367845549961,0.00387226574990245,0.040478443052537,0,0,7.40741141909537e-07,0.00683865849970807,0.000349630085227126,0.0257977939569032,7.84003525103058e-05,0,0.0525065172319755,0.00912231792695892,0.00174939866254242,0.000167605188041242,0.000596730031950206,0.000677534722236648,0.0419652111423097,0.00441342003028674,8.77278190941954e-06,3.30390656014883e-06,4.3164644468849e-07,0.000382933906267801,8.43510073594296e-06,6.44176183276305e-05,0.0163626244628193,0.0036568066911114,0.000601050496514766,0.0655802443743915,0,0,0.00124149373181832,0.00201458917696212,0.00010344284348592,0.291109938660497,0.00282794832756362,5.75620938854641e-05,0.000103057219218597,6.07308201261439e-05,0.0036930694100465,0,3.40992009575068e-05,7.38188701659041e-05,0.000159660456744385,0,3.11716228443301e-05,0.0217181607069228,0.274657753806615,2.14718485765727e-05,0.0522913319436494,0.0086406836902174,0,1.05489533975756e-05,0,2.92923433311666e-05,0.000206276933777154,0.000128546006650174,3.48341044073884e-05,0,0.000120071928118934,0.000131857204773707
"CbMPDiCbraya","Management","Pre","DL",0.0114594463115696,0.149383804528823,0.0123456304028098,0.0164631928785576,0,0.00106043940354133,0,0,0.000525656519927861,0,0,0,0,0,0,0.0903862393360112,0.00475009812949479,0.0053346593080298,0.0044405271187138,0,0.00108700560541048,2.74173118936195e-05,0,0.0125357427856843,0.0060540877529935,0.000537624817537863,0.0297771463972164,0,0.0118554862655444,0.010094733849463,0,0,0,0,0.0241398579365902,0,0,0.0257594129296343,0.00125406675949445,0.0294592560754023,0,0.11396118003176,0,0,0.0906091629752162,0,0,0.00952933983243939,0,0.0087669446513904,0.000848938335586381,2.1556491212026e-05,2.90467765706947e-05,0.012444496014827,0.000496943993860725,0,0,0.0167908053630973,0.00356777356919012,0,0,0,0,0,0,0,0.0120620503889121,0.00189408286534953,0.00162449736171336,0.000363919445073908,0,0.00320380251873488,8.37088926533556e-05,0,0,0.0197704429662471,0,0,0,0.00287339397580094,0.218809681498556,0,0.0080398314522703,0,0.000461342515912098,0.000800002625699761,0,0.000268461948907379,0.00124138978023847,0.0219711788499713,0.000235380047980571,0.000499112406484334
"CbMPDiCbraya","Management","Pre","HD",0.00456574601471067,0.0426426600673246,0.00110331911067648,0.0295480773959269,0,6.74438901785843e-05,0.00845722246046844,0.00706712271666853,0.00322485862424895,0.00401347387995024,0.0378067075919476,0.0148578270442627,0.0263432258686323,0.0140954590615932,0.00913331216916976,0.00363255971454803,0,0,0.00020309095383555,0.00100226709078215,0,0.000150708687146124,0.0011560683679352,0,0,0,0.00338503358293809,0.010195194263552,0,0.00398966488622374,0,0.021412156192721,0.117725413408745,0.0530384519930854,0,0.00199645346525947,0.00048565831785059,0,0.000141912607689249,0.0117021732061579,0.00797330724814807,0.0759115468635949,0,0,0.0273905733305627,0.000159542703648719,0.0359043581291138,6.19612344486061e-05,0.0010508677328853,0.00700533101064151,8.41013217557187e-05,0.000683867866267845,0.00106788845957601,0.0116276147779282,0.0008617031754752,0.000917185920828293,0.0485755946925573,0,0.0159127326076139,0,0,0.134156247062022,0.00713658470212754,0,0.0825272063608117,0,0,0,8.94112565358348e-05,4.58327495904307e-05,0,0.000872449821084003,0.000813399940348741,0.00090197545711894,0.0018492489374695,0,0.000327601278273502,0,0,0.00683325258137583,0.0750606803570274,0,0,0.0166825025334481,0.000243655344631194,0,0.0039342240229101,0,0,0,0.000194287885950352,0
"CbMPDiCbraya","Management","Pre","DR",0.00301349943847308,0.0199916476593173,0.00464133278147238,0.0708875237908578,0.0396527191258998,0.000479929704940629,3.22740471396293e-05,6.98454297044138e-05,0.00045278575834286,0,0,0,0.00910835194354226,0.000539606212128833,3.53379590058867e-05,0.0162406234560062,0.0112302240424599,0.000751938718690365,0.00100107921637137,0.00363264031203566,0.00299157747319555,0.000648683104677156,0.000578682340307252,0.0293219984687986,0,0.00152986973547318,0.00451281484740114,0.00234481307008163,0.0108599328891274,0.0182467349617709,0,0.0389743385836494,0.00505424886234706,0.010688728211069,0.00982842629400376,4.07756989726461e-05,0,0.00868793544776257,0.000819786785887127,0.0165226422936568,0.00222850660419346,0.0526886525234489,0.0558214283141048,0,0.0137491522013113,0.000303168356900505,0.011201387391367,0.0011292092833974,0.00226858628281293,0.00466484651988989,0.000325681388844267,0.000297940510411609,0.000591375004840633,0.0233961712145395,0.000421999012130392,0.00389293442794825,0.0080032522549769,0.00335185395030276,0.0320422847172219,0,0.203933495428464,0.0274585320781456,0.00413636331082246,0,0.00291938410149564,0.0183771340695966,0.00447765949365262,7.61025444820699e-05,0.000805209618007515,0.000460948422106907,0.000175647792087847,0.00108686198938767,0.000474057600740311,0.000312889015402793,0.00142798173832208,0.0279311914017512,0.00081759930774326,0.00140850642711925,0,0.000840941391578465,0.0988171837916363,0,0.00524623653880124,0.00999737425171535,0.000476874851671286,0.000293119375421899,0.00715992603472163,0.000317165164328351,0.000183646808201129,0.0200478416036835,0.000373601404620107,0.000174745821081458
"CbMPDiCbraya","Management","In","HeS",0,0.397083865807387,0.0273822492710137,0,0,0,0,0,0,0.00837209177968548,0,0,0,0.00258645084419988,0,0,0,0.00134134725052374,0.00787853154146497,0.0201992509004263,0,0,0,0,0,0,0,0,0.00144428616288772,0,0,0,0,0,0,0.00504690222910749,0.00156328054862657,0,0.00183458566219554,0.0623463952907017,0,0,0,0,0.0828321782885169,0.00338259027518618,0,0.00167096780134198,0.283235325676603,0,0,0,0,0,0.00147980725869678,0,0,0,0,0,0.00104880830142994,0,0,0,0.0737152996118993,0,0.00183397160748248,8.65391215258443e-05,0.000119313233434613,0.00319911104305423,0,0,0.000926621114237052,0.000802381201604289,0,0,0,0,0,0,0,0,0.00434136852037352,0,0.00409214412818187,0,0.000154335528211431,0,0,0,0,0
"CbMPDiCbraya","Management","In","HoS",0.00386882631427746,0,0.000824853405981736,0.00081928629961256,0,1.73321682489999e-05,0.00196107740107118,0.000815209575458713,0.00273211388771386,0.00105646896928002,0.0962815656461545,0.0779507133792301,0.0687973340592385,0.000172966957376508,1.96349818354775e-05,0.000401456534087502,1.86238089179046e-05,0.000204022615439838,0.000239228420969206,0,1.6731227686792e-06,0,7.54516710164681e-06,0.00982383074762772,0.000836334671641694,2.21708632023333e-05,0.000181509428733008,0.00753116386467368,0,0.00302532404144779,0.0582785487801137,0.00300160806365993,0.0125743580843286,0.00604881139335395,1.1136608597967e-06,0.00109619798175572,0.000672885638290555,0.00141233993809749,5.9743820331104e-06,0.00583343361443589,0.000170198162191634,0.00351982302185241,0.0280851051594073,0.00854366057720791,0.000307290231390067,0.00194528831467724,0.0234989018709263,5.24489143797686e-05,0.0656027921591489,0.0126574085732392,0,0,0,0.00132004110795144,1.6731227686792e-06,7.05393682123275e-05,0.0902368128542076,6.65389393155605e-05,0.00110546101333521,0.0266062144332114,3.49430126451729e-05,0.00442378562323491,0.00678688641134898,0.113728180255865,0.00349941231450972,0.0376119103762631,4.56495880662325e-06,3.28997505585965e-05,0.000136186823341411,0.000114065382239135,0.0213302251282605,7.74885989709363e-07,7.74885989709363e-07,3.61830814597287e-05,8.36561384339602e-07,0,0.000600124222831202,0.00862739675386694,0.114761100814759,5.97585644826442e-05,0.0404100000564326,0.0128412052598448,0.00105691656407857,0.000150100610183905,0.000303023620949146,0,0.00293588163143256,2.19435092903831e-05,4.74402432568842e-05,0,0.000107913504651395,9.82949960070306e-06
"CbMPDiCbraya","Management","In","DL",0.00291953526395861,0.0274660656853204,0.00127616118657567,0.0116655103542273,0.0120155233761068,0.00119002558486991,0.000743031360413539,0.00103259790684506,0,0.00495936491920081,0.384293375303131,0.037134988463968,0.0388652361318844,0,0,0,0,0.000363658125228519,0.00070710723995218,0,0,0,0,0.025612841607624,0,0.00207332255640058,0,0.00102474090642981,0,0.00193585027825724,0.0114365010112603,0.00345271365805637,0.0205283558622031,0,0.00326017769174637,0.00223603035574958,0.00113504585055742,0.00669650557881369,0,0.0209229480994498,0.00394006380145977,0,0,0,0,0.037507215438522,0.00580543175391203,0,0.0590237151783765,0.000998611922790627,0.000459974738078065,0.00147908224456731,0.00179489430471733,0.00295636966521849,0.00120496184469285,0.00491349333732729,0.0538452126207182,0,0,0,0,0.00132420165881415,0.00392383962081045,0,0.0106114222246067,0,0,0,0,0.000370151739797822,0,0,0,0.0030513730412211,6.42435019551003e-05,0,0.00266334443161965,0,0.16515248869854,0,0,0.00190049729645102,0.00458750008919845,0,0.000448251430906339,0.00125043018560087,0.00133946773779962,0.000848263892835431,0.000771863207146061,0,0.00227823513993893,0.000538184894146873
"CbMPDiCbraya","Management","In","HD",0.00695708077163031,0.0178164160825358,0.00473696105377197,0.0123121060970146,0.0177378524272966,0.00084782564236438,0.00135122507213783,0.0042583711044355,0.000433773916979246,0.00170442510586703,0.0817682920859585,0,0.0126689727143422,0.0140499731903938,0.00631259973060051,0.0220711104446232,0.00737977609744366,0.00383389790400714,0.00478299118854813,0.00497635582787684,0.00552201884826018,0.00109319157562757,0.00155011091840371,0.0337893892805554,0.00660666518934066,0.00145129958462233,0.00807374432884386,0.000824019627085824,0.00235300320928316,0.00436200131055911,0,0.0485429183521918,0.0314149809292674,0.0475593344973559,0.00932028997058787,0.000299969488603996,0.00152339008861838,0.00738626140406904,0.00048090840899087,0.0180737831689021,0.00422777999351635,0.060795474541642,0,0,0.0270583027578372,0.0010084545247257,0.0179308400960806,0.000915703288646181,0.00974327340978438,0.000359582503445785,0.000442981526688047,0.00117758639274366,0.00210299637792008,0.0181747872092833,0.00167628740758887,0.00998954199703224,0.0350710031172597,0.00737315642076937,0.0114417595157625,0.0116159271977164,0.0151291942204062,0.0256856612992273,0.00235956436129549,0,0.0187500099768896,0.0445258273675707,0.00523276338042312,0.00106380612430137,0.00151591672319675,0.000277104227088679,0,0.00393702621609529,0.000916456071882401,0.00134295295827719,0.00145042587214373,0.00248228939168181,0.000467388107136895,0.00739728318333975,0.117742746429465,0.0058113736099995,0.0395915884220051,0.00111061989534306,0.00431893789999979,0.0100308456022204,0.00106614110766052,0.000904582534788838,0.00585566450716464,0.000674675710803889,0.000626641285719028,0.00163887803688212,0.000351229134348505,0.000409681425205167
"CbMPDiCbraya","Management","In","DR",0,0.000982321211050018,0.000566506161350522,0.0449189252598009,0.0533248887046725,0.000741193551488104,0.00146070428799088,0.00319473489945477,1.30660214589456e-05,0.000117616028480558,0.0381423279771466,0.0213240304139413,0.160707681230359,0.00265115361876606,0,0.00146178794090318,0.00298627559133158,0.00121270871343737,0.00138378670678188,0.00183147142756244,0.000201585735526069,6.4754872488238e-05,0.000995338473210948,0.0342453800738088,0.00902890572004293,0.000740744091399176,0.00193635791493899,0.00150966264189345,0.00764038304779328,0.0155750918620191,0.00841605897469536,0.0393914450232994,0.0203200679052346,0.00543370251780028,0.0128049921580901,0.000404518714215429,0.000464939439886311,0.00934253666604993,0.00130837243773581,0.0247469591999375,0.000709153282285959,0.0244381363838042,0,0.00104390995255401,0.00949542181198033,0.00256187636969201,0.00922585750909251,0.00302465373146765,0.00225114696576596,0.00286726150985401,0.000557935709671942,0.000207076833559731,5.23757586804237e-06,0.0140614536627402,5.71955115124559e-05,0.0236258741642211,0.0212245462119181,0.003241215422336,0.00501787875599373,0.00201996810748263,0.0115582040679111,0.0054359817914939,0.0120099538699757,0.00569413699632154,0.0262028014515279,0.0307504867141308,0.00263064778202495,0.000803196757688215,0.00191246083295866,0.00084217713226619,0,0,0.00119611347810282,0.000853793713064513,0.0020662244962269,0.00474596186094145,0.000803333057195037,0,0.216979238322583,0.00262062251974026,0.00573408266259374,0.00167832228340991,0.00126731280103919,0.00133539699631734,0.000309381859360937,0.000477529222919906,0.00212713329107672,0,0.0002626091805398,0.00175884692241635,0.000367964455720613,0.000347308792609349
"CbMPDiCbraya","Management","Post","HeS",0,0.025447931384149,0,0,0,0,0.115986738088877,0,0.0213514232185746,0,0,0,0,0,0,0.0292674231508827,0,0,0.00894496312052262,0,0.00836008454600284,0,0.00192370474511865,0,0.00259149144819726,0,0,0.0864355925596619,0.00795527607353578,0,0,0,0,0,0.00206289226194528,0.00226201538098482,0,0,0.0200586834785738,0,0,0,0.0266958599505869,0.0166699547818737,0.0565139612692357,0.181273159213217,0,0.0257861784157502,0,0,0,0,0.00500478120812126,0,0,0,0,0.0166337590628475,0,0.231468582714073,0,0,0,0,0,0.0316866929009434,0.00863545768941346,0.00723027169861853,0,0.00338575341242756,0,0.0217189203714152,0,0,0,0,0.0166940313440586,0,0,0,0,0.0115738861066326,0.00330799605450905,0,0.00104130261099597,0,0,0,0.0020312317382543,0,0,0
"CbMPDiCbraya","Management","Post","HoS",0.00226357183711098,2.41957014126919e-05,0.00959126766092149,0.00869609325444744,0,7.6265569327833e-07,0.00880552545128114,0.000608272588220906,0.00248986493055535,5.53766033258565e-05,0.00390431198995024,0.106636215926317,0.144819394564969,0.0119563749064566,0.000996739632439178,0.00125551267162965,2.15812058974597e-06,8.32439320769483e-05,0.000844695120418619,0.00450556429633588,0.000578610321284536,0.000285167108063005,0.000165608520516601,0.00416138402329348,0.000359993177539515,0,0.000710446985278167,0.0107290502693034,8.97643220867395e-05,0,0.122363003724314,0.0112764520095132,0.0294303663107513,0.000336450444972848,0.000118992209695467,6.09532148044978e-05,2.23432298066331e-05,0.00106447344580979,7.71534366695829e-05,0.0041383356459786,0.000647205657768427,0.00339972548458039,0.000321278366120527,0.00400860182346701,3.36228270232118e-05,0.00216057200892888,0.0534359924379658,0.0062779471587929,1.2136573582665e-05,0.0225449727627395,6.22255343675892e-05,4.63760774351978e-05,0.00036572549002062,0.0190604791391055,2.24741678211313e-06,0.0241617392194179,0.133167880919022,0.000114020079038446,5.95146473201547e-06,0.00805003566784155,0.000183383377790078,0.00355367248730284,0.0053789776212937,0.093902215076971,0.00650034692495324,0.00323056576717911,0.00145448002222758,2.82633778548432e-05,0,0.000287908975921859,0.0553926926384434,0,0,0.000609437011662445,0.00120080010093222,0.000381383359949895,0.00156482753859585,0.00413629594541323,0.000577054532941723,0.0118195543598994,0.00427408645836733,0.00253424243600368,0.000354421537412407,0.0163344061376609,0,0,0.0148671836974154,6.63278608232326e-06,3.96986738620386e-05,1.04280129817032e-06,0,0
"CbMPDiCbraya","Management","Post","DL",0.0143522097978695,0,0.00408881652638091,0.00420446974183591,0,0,0.00730913024102863,0.0106267368909837,0.00027414068083695,0,0.176878274286565,0,0.0867818191475991,0.00168981825017761,0.00520648823132533,0,0,0.000161992428460166,0.00139695156687469,0.00252970525996997,0.00488422089776799,0.00116196766434855,0.00147407178193991,0,0,0,0,0.00353613062944476,0,0,0,0.007183995932526,0.00603686485988137,0.247004163678642,0,0.000582140182069962,1.04882201726196e-05,0,0.00158009604315747,0,0.00725318381096899,0,0,0,0,0.00176505306736433,0.0122574974396398,0.00402125056090274,0,0,0.000353514452742652,0.000498227211985351,0.000417065663428158,0,0.000979779376384979,0.0315547173218493,0.156134526898071,0.000197698147230396,0.00227888558639786,0,0.030843400423603,0.0344979933976836,0.0110331828665403,0.00866470940706837,0.0521357368761627,0,0,4.92828825484782e-05,0.000319351868047605,5.05687742266876e-05,0.0260260020523526,0.00174171726164333,0.00149213254688241,0.00104476277442193,0.0011223130424366,0.00238476188930158,0.000588382920897466,0.00722046952856885,0,0.00187939560464956,0,0,0,0.00182236901278451,0,0,0.0104061187175881,1.12556757689126e-05,0,0,0,0
"CbMPDiCbraya","Management","Post","HD",0.0150930261423392,0.0621861277327804,0.0029506680884872,0.00224309495344444,0.00514174246459375,0.00162535010796029,0.000224059006130939,0,0.00061302439139042,0.00619598224564762,0.0833252893361517,0.0236858165773365,0.0211852915528674,0.00793033062187785,0.000409523562978298,0.0187084492299661,0.00290500738309311,0.00382136649674071,0.000996085502848028,0.00117746615671071,0.000303166109532878,0,1.81253286388374e-05,0.0155981028972768,0.011133701265034,0.00134735023833395,0.00537816468200328,0.000674399269046911,0.00540158375288467,0.0346897205472868,0.01395334311388,0,0.00421032643096899,0.0413022909905501,0.012412405860151,0.00134871212957904,0.00269463086498893,0.0134761931401893,0.000717626779472853,0.0344225618361316,0.00173121811923002,0.055539962263481,0.00678294877007569,3.85781004269897e-05,0.0488716373204562,0.000558780346002457,0.0142821825593921,0.000112982623091125,0.016567085325751,0,0.000338586040165538,0.000644882743038985,0.000994194175785018,0.00614079772107429,0.00103446893958801,0.000580684975553371,0.0448286366506387,0.00705121084856207,0.00621119774857495,0.0712369025271493,1.79967270178314e-05,0.00247699937322264,0.0013985014363562,0,0.0403328914176923,0.0175361842790934,0.00191544618692728,0.000670973396803368,0.00165117943269961,8.48703299018978e-05,0.00449494108578378,0.00303843872416717,0,0,0.00314140101331059,0.000238992339430953,4.04530301419415e-05,0.0234407367452147,0.0408711926814283,0,0.0964572919460716,0.011601046735599,0.0011471199264381,0.000831970569846056,0.00149542002739251,0.000790338648571388,0.000571586304599583,0.000408956473758158,0.00082889580910188,0.000614537356757578,0.000548487374339014,0.000306106041001689
"CbMPDiCbraya","Management","Post","DR",0.000950481027607625,0.00402970586864604,0.0030632792430784,0.0163398904709738,9.55554929328372e-06,0.000162505129970692,0.00159324318671515,0.00481948435149099,0.000600474471632171,0.000521857014356314,0.236964559407609,0.00158281810668507,0.131471651317725,0.000185607922844106,0.00135734972320674,0.00181936541872662,0.00546036615979588,0.00121930712875135,0.00143818608355276,0.00149002407236078,0.000637332568711027,0.000215691103476299,0.000624262984079112,0.0029991883972277,0.0021125883955783,0.000909878255558616,0.00295971747824728,0.000739010761584041,0.000498545486295201,0.00320146334920621,0.00174636567887491,0.0547651821068492,0.00713211840315427,0.082116767952774,0.00123669283642684,0.00156540994190703,0.000345131106306256,0.000996191148801276,0.00019779692264361,0.0044755573871139,0.00308144187109723,0.0181044326162608,0.000329101020925289,0,0.00981510097134253,0.000553517837550362,0.0094379109137956,0.00188596899342523,0.00607602712356925,0,0.000195877483540825,0.000171629535837959,0.000132389035036283,0.0014309683624255,0.000308930371884693,0.0244536511567189,0.032794932914377,0.00291072900891781,0.0170275943600293,0.0190638195543123,0.0994927664599156,0.0238291431889926,0.0110923343906602,0.0262258775928613,0.0268839653649621,0.0140305077576792,0.0008114522701584,0.000334308382990499,0.000848078064066519,0.000178555406251796,0.011584732934826,0.000503941434172578,0.000497723219622337,0.000668393777712184,0.000217806464259496,0.00461969033086758,0.000516269799864822,0.0143411575830164,0.0127696786065621,0.00183080452224818,0.000571889865408141,0.000980642417579355,0.00332982307017789,0.00620846941109305,0.000106545955019575,1.58524658049585e-05,0.00472132505317862,0.000362471896635058,4.92938942177797e-05,0,0,4.78713683114434e-05
"CbMPDiCbraya","Management","Pre_vs_In","HeS",0,0.443819184753259,0.0261449122387575,0,0,0.00610199138767615,0,0,0,0.0187147985830699,0,0,0,0.00714532405071593,0,0,0,0.00147760681239449,0,0.0234483886040545,0,0,0.000167367216539554,0.0246542974803511,0,0,0,0,0.00137538332623375,0,0,0,0,0,0,0.00585693150279941,0.00208529428694428,0,0.00514441213332166,0.0968337013966334,0,0,0,0,0.162359550454923,0.000619216688026521,0,0.00445788136092087,0.0980303493672798,0,0,0,0,0,0.00612126839092138,0.00036531298969781,0,0,0,0,0,0,0,0,0.00135257227743017,0,0.0328330471446917,0.000764892114952558,0,0.00373305779593706,0,0,0.000738287819365835,0.000112752940593034,0.000849560490603702,0,0.0014043909634619,0,0,0.000199436868622,0,0,0.000295452714524287,0,0.00309185522083533,0.00500831428224449,0,0.00197272299405257,0.00102710689688704,0.0116933764512784,0,0
"CbMPDiCbraya","Management","Pre_vs_In","HoS",0.00121517406555915,0,0.000112479272777156,0.000350637861639392,0,1.97579728897913e-06,0.00135335174734775,0.000572277161179386,0.00160108035607229,0.00016933034697553,0.010921887161603,0.0432207994355847,0.0468356802771925,0.000222035398381548,2.96892441646391e-05,9.58759778590496e-05,2.347849651237e-05,0.000366821910326126,0.000188188855386236,0,3.23604744703784e-05,4.23744746686702e-07,4.4596778275474e-05,0.00920498586334908,0.00717284449213937,0.000249964085768679,0.000342915540205861,0.00422276305361599,5.79993493448275e-05,0,0.0403696944569669,0.00489310742028034,0.00793957088562498,0.00905429124916303,0.000153011053395978,0.000293857115551447,0.000111579383994234,0.00371556647595001,3.82676287398662e-05,0.0124967623442666,0.000151379885809597,0.00524920550690256,0.0517688477788051,0.0089584687037515,0.000580854114080373,0.0042869514730728,0.00783406485898654,0.000550318826702004,0.0633576466203294,0.00816543890885128,0,3.43135492000053e-05,3.23043492110244e-06,0.00012207083430525,1.91863621942298e-06,9.41300550112144e-05,0.033770926563557,0.00158200320134779,0.00100611708532687,0.0500849081755176,0,0.00376454675310504,0.00508603918610842,0.0577884831168473,0.00110207878571778,0.147671050902251,9.40127328748431e-05,3.89765139431854e-05,0.000137557351991997,7.04810634387413e-06,0.0125639289742302,4.73069894321102e-05,4.85929854232401e-06,0.000232531849363828,1.65551270935516e-05,0,0.000192984149253072,0.0165257251550182,0.216463899009102,6.38261587247531e-05,0.0788573704778108,0.0113953107243797,0.000668147567111015,0.000131760545003589,0,1.00107781456021e-05,0.00137986343312889,9.79661399632365e-05,4.2848289270975e-05,0,0.00027569431676223,6.1497594082823e-05
"CbMPDiCbraya","Management","Pre_vs_In","DL",0.00820783515751797,0.0601497358936739,0.00587322372901746,0.0190113233343958,0.0106100832126458,0.000799468044312893,0.00012858569263684,0.000675347536131416,0.000133734919122752,0.00270369227130605,0.240474636264909,0.00793011243039163,0.0150799265680767,0,0,0.0338896742562216,0.00254365416885406,0.00195727174696237,0.00246911117562951,7.81327433935076e-05,0,7.00921690961707e-06,0,0.0209996809533986,0.00859718190457675,0.000870104505447638,0.0105199682019947,0.000426297137410778,0.00698000774628849,0.00860322869769263,0,0.00250229723453965,0.00961948052813447,0.00263125800111139,0.0105657331940354,0.00132913019730818,0.000949029952137174,0.013133035430537,0.000742145689058125,0.0272892927273146,0.00212846592794744,0.0470599144487389,0,0.0007763694752145,0.0300828984686065,0.0112958786572639,0.0121343199620629,0.00294071725230229,0.0141447389522474,0.00376793219679615,0.000589956815056075,0.0007103351169342,0.000957317530818223,0.00513536588993537,0.00056500723862886,0.00462896104865478,0.054991225802812,0.0070848719877679,0.0029374924943385,0,0.0283929520285961,0.00336637777136296,0,0,0.009521342675116,0.0805625861039388,0.00537020533327629,0.000521212006692754,0.000412080879097894,0.000391039940338318,0,0.00095787821576653,0.000227984759652164,0.00106524636358419,0.000443637615570543,0.0112932024857223,0.0013623484774807,0,0.068343300622381,0.000722742881773882,0.0243117019767412,0.00034638596125038,0.00476891978321721,0.000256091057002075,0.000774857988766191,0.000673856619936562,0.00223514978536996,0.000410978837065883,0.00060137730128995,0.0109755805619974,0.000813540264970657,0.000465221972821587
"CbMPDiCbraya","Management","Pre_vs_In","HD",0.015433667273008,0.0148301934153421,0.0086682912236076,0.0441777584957573,0.00130467524941803,0.000102437871550883,0.0068581708645856,0.00604104140013606,0.00112241999440524,0.000845477825901809,0.171302982698234,0.00100955625361163,0.015303285829175,0.0290463210023265,0.0153467946088055,0.0188728234707958,0.000480944683397899,0.000965867674014139,0.00359460757639553,0.00532583586855622,0.00598532419271738,0.00126469815895893,0.00274368885795574,0.00372004240718649,0,0.00020536562855232,0.00338882411095189,0.00548450583167733,0,0.00538285585555801,0,0.0171587863298095,0.12875522840608,0.0220251624887466,0,0.000319358657115078,0.000168300915943109,0.00215876210552187,6.09106974481161e-05,0.00751258495236998,0.00859763510934961,0.0046117077398034,0,0.000783689594919037,0.0255902269158979,5.9953176635799e-05,0.00873226866659182,0.0003724103337286,0.0100405638435168,0.00267076298143069,0.000187104551855325,0.000646906753104747,0.0021700768511852,0.0140817764920226,0.00151023336386931,0.000347807430915775,0.127756771878111,0,0,0,0,0.0372646615188038,0.0078981224913785,0,0.0789595199354279,0,0.00194120264965673,0.000647674281940121,0.00086818502573417,2.2509592238046e-05,0,0.00583164545605751,0.00146883180139461,0.00363561590536251,0.00390909283034054,0,0.000647918807327022,0,0.0513929044938334,0.00967568834677414,0,0.00208371843876484,0.00328462539621001,0.00675897457755313,0.000450124722790614,4.38035462592796e-05,0.00767757777489285,0.000109758232240407,0,0,0.000268517765973902,3.18778504910154e-05
"CbMPDiCbraya","Management","Pre_vs_In","DR",0.00236989111023996,0.0121971864596731,0.00224215811924408,0.0520329065982593,0.0440113569330282,0.000494706648832083,0.000177961320486969,0.00125430060535886,0.000673045641435081,0.000294126978202615,0.0391053473558145,0.0146947530924517,0.0562696286823717,0.00158837548453804,8.81327867635756e-05,0.00350708365280978,0.00777223864666236,0.0013151059970786,0.00167232371587773,0.00306822595735199,0.00271169407578421,0.000485582162429729,0.000854912438198509,0.0281981297176224,0.00710696662740618,0.00125789604846462,0.00191248147376849,0.00214668220404818,0.00514621244212826,0.0167551560763877,0.00461144855186166,0.0477176401590956,0.0136919213841135,0.0687790188274327,0.0104787606583471,0.000666919359248552,0.000443194131344915,0.0100840786255529,0.000895322084074526,0.0238492826226315,0.00150527951512294,0.0270143233597508,0.00575242773574963,7.9334565614625e-05,0.00903454751781623,0.00141838740854979,0.013502687333604,0.00155190063884343,0.0123832820642793,0.00539378369261052,0.000348697156785212,0.000307651422394078,0.000347051573330635,0.0262858860167061,0.000477180475894124,0.0106872015586746,0.0278001930891881,0.00318293314851704,0.0222296797790643,0,0.0920983112791651,0.0192441321227259,0.00769038863415758,0,0.014307007150735,0.00507343042493165,0.00463208253907656,0.000596173076328409,0.00164604133303436,0.00078465398951863,0,0.00063966464429383,0.000612445364409987,0.000565723281950529,0.00129530715752394,0.0120456583000641,0.00105406276916376,0.0009834168111542,0.0981306654497696,0.00225022162301108,0.0490149418074716,0.000607750269642712,0.003887807951298,0.00832389947985302,0.000444883567976342,0.000580204943698719,0.00384074421719645,0.000204967979730389,0.000500516249335513,0.00625868431475793,0.00047510913098579,0.000286520628122413
"CbMPDiCbraya","Management","Pre_vs_Post","HeS",0.0273131882553755,0.0509816699338547,0,0,0,0,6.43471334464935e-05,0,0.000324175911613654,0.000894891988357592,0,0,0,0,0,0.0121517694611008,0,0.00282546823265592,0.000669626448190372,0,7.61032351767423e-05,0.000193749976929932,8.87871077061993e-05,0,0.00490319347494669,0,0,0.00079788657416254,0.000486420658511566,0,0,0,0,0,0.00871959592062528,0.00080620986931817,0,0.0172401336453996,0.00254313794788739,0.313245408066227,0,0,0.167334052398269,0.00581576560560523,0.116552255844259,0.000451732948448341,0,0.00797574753674653,0.130010992709735,0,2.29311920424423e-05,0,0,0,0.00141434376936838,0.0246707290797653,0,0.00102932896851133,0,0.0726968261890937,0,0,0,0,0,0,0.00378479368828434,0.00184538906988125,0,0.000149351531396193,0,0.000327272700481446,0.000411867365840272,0,0,0,0.00031179674405288,0,0,0,0,0.000710108862120935,0.000281370744847165,0,0.000528557611018338,0.000513444028428875,0,0.000167983930285889,5.78366775617843e-05,0.018609756962471,0,0
"CbMPDiCbraya","Management","Pre_vs_Post","HoS",0.000850364457726938,0,0.00058574757122087,0,0,3.37634202322923e-06,0.00668238752490579,0.000707625638781452,0.00203909888597495,0,0.000665682552244593,0.0641686450789705,0.0812281450575859,0.00518554113254063,0.000560613254526977,0.000354164260594803,0,0.000281826242121408,4.33310337543819e-05,0,0.000292384040766604,2.39952847477179e-05,0.00032906292696598,0.0128470141596674,0.00802043273936422,1.63172182527414e-05,0.00159644771359679,0.00854365312428414,0,0,0.0857451857316386,0.0102828778425574,0.0120020362486232,0.0787862350502557,0,2.2647447823615e-06,4.14435503653864e-05,0.00133401475009393,0.00015980361781621,0.000114329981614971,0.000518874394307207,0.00154370424083852,0.0294907928982029,0.00891534656838084,8.26974030127717e-05,0.00133326637781109,0.0257143342012045,0.0045952892842439,0.0118230488633198,0.0139816884683453,5.1086802933314e-05,1.08370204344348e-05,1.5318578731643e-06,0.00486623650766087,2.73350423774064e-06,0.00517533395195334,0.101583947728489,0.000534627924791989,0.000431048085872238,0.0398177041108647,0,0,0.000459274800973337,0.0673683903448068,0.00382666238198695,0.0994724361703661,0,5.38761870988532e-05,1.54157204213483e-05,0.000204531487529342,0.0483070404982754,5.32304984495329e-06,3.12605299033882e-05,0.000503421996928887,0.000686632062987642,0.000104131729731982,0.000712083662397754,0.0154335861940091,0.0370139176932841,0.00258295953089162,0.0790310935799219,0.00724887326927364,7.07714763983055e-05,0.00249047827867456,4.71127806889779e-06,1.04942425493684e-05,0.000157529626355966,8.46787105886606e-05,4.50474700699363e-05,0,1.80187944634904e-05,8.91812790540724e-05
"CbMPDiCbraya","Management","Pre_vs_Post","DL",0.00951794762196404,0.0270618229753293,0.0108534967770882,0.0232755956482506,0.000558226831903409,0.000183553600539611,0.0024709569989242,0.0050336497189596,0.000249807048937776,0,0.114869224552024,0.00297551951603732,0.0591165463895948,0.00351434001923769,0.0024524823965757,0.0219950173731171,0.00173260409091592,0.00123776818396556,0.00276551319728781,0.00439246085508607,0.00291193717753543,0.000759512524985562,0.000489347856786606,0,0.00504434804964265,0.000135808334831622,0.00646226566550278,0.000731713624060081,0.00416998065178368,0.00342117175139018,0,0.00899438683901136,0.014728739074984,0.0486261247511584,0.00413975496117303,0.000205496782543283,3.97743331071862e-06,0.00746214675708906,0.00119853555884546,0.00854536963956628,0.00387639455956802,0.0338850033333299,0.00898047568587689,0,0.0193180986723824,0.001652806054958,0.0140562631843017,0.00343600753544772,0,0.00371144992173298,0.000388964718349205,0.000256390098789059,0.00048180371486293,0.0141054795378907,0.000476917721968312,0.0230335573763701,0.0563715276250949,0.00689032699444186,0.00167926189896682,0.0113590396134056,0.0191678342174746,0.0254193963186398,0.00975812008671561,0,0.0248196915733475,0.101206507891797,0.00545667149984765,0.00034006431372834,0.000560373535091139,0.000151963718571275,0,0.00165993129930559,0.000669741792426398,0.000354239829254067,0.000755226994211192,0.00665447350267693,0.000649465350244833,0.00633321860271924,0.110845146021292,0.00552251212928009,0.0283531002844771,0.000514792070559379,0.00255494383393222,0.0100956674896644,6.90688644235708e-05,0.000101822209053165,0.0151004195607315,5.69099335198146e-05,0.00017817334632999,0.00622889278188455,7.5327488034139e-05,9.93839830905953e-05
"CbMPDiCbraya","Management","Pre_vs_Post","HD",0.027764174165468,0.0272245310220455,0.00359400880916635,0.00737575938223776,0,0.00102391532082011,0.00535586392116686,0.00547775260010077,0.00522692989633857,0.0128112443248589,0.160729044780556,0.0322931965467771,0.0606926385969703,0.0232954607966096,0.00655278791500939,0.0137061558161335,0,0.000168927929430027,0.00129314691841921,0,0,3.85360526872627e-05,0.000653848448451295,0.00190973542005888,0,0.000217049122792128,0.00175561311391061,0.00738456262244208,0,0,0.00948589745251967,0,0.117337325870064,0.0248961657431284,0,0.00360682932019499,0.00494427296441431,0,0.000113981623505547,0.0126739776146596,0.0099726453057187,0,0,0,0,0.00113355815516093,0.0340433320541326,0.0004092839068814,0.00725232543877116,0.00392299365152118,0.000487221744323733,0.00194207538674256,0.00363908136919766,0.00361326545642409,0.00182076130022551,0.00159560162501523,0.0992955781309073,0,0.02527061496555,0,0,0.00714270636444819,0.0100919604687869,0,0.144306987684617,0,0,0,0.00087026065721775,0.000514809984013723,0.0283949345504096,0.00388575839454362,0.000999843287736298,0.000997928943868652,0.0063921483738804,0,0.00019767415833185,0,0,0.00282804562882756,0,0.00959739675866281,0.000597507105179115,0,0.000955794293046062,0.000414347203960921,0.00564854308294856,0.000266803631182693,0,0,0.00173722547418206,0.000157651352647828
"CbMPDiCbraya","Management","Pre_vs_Post","DR",0.00182284949980067,0.0233858700377496,0.0035748801398701,0.0238805937537848,0.0195082218149759,0.000452094162242588,0.000899827806141521,0.00115583651835004,0.00040466498086555,0.000223028278766113,0.0376341490264029,0.000572419480766896,0.0480711478404379,0.000532775303283721,0.000849358480429963,0.00733276904186242,0.0070413604937283,0.00111415834649245,0.00086670806548539,0.00230414206378955,0.00113190702973944,0.000280214945938419,0.000564528392074614,0.0125608348872624,0.00719927787894667,0.00123112788606403,0.00231037600144464,0.000943896474429865,0.00350906560296893,0.00990573745002654,0.00267228700196819,0.0359751282684812,0.00470149993860297,0.0533844599706433,0.00772387344889693,0.000821131949396836,4.41064029536736e-05,0.00949109082540295,0.000327964466064035,0.0167137571325329,0.00128752445880162,0.0280590390386964,0.0134301599296842,0,0.00694825548508199,0.000500408631052589,0.0100653722556998,0.00111428720971879,0.0282844137913461,0.00566240466750501,0.000169152066928799,0.000206569272517224,0.00030457892711894,0.00731687465071649,0.000437238457224657,0.0126344827174976,0.0238644852146481,0.00248377103116563,0.0243147947665595,0.0106339675805257,0.137372335346876,0.017396307147882,0.00573214389803112,0,0.0113766839467236,0.0724017594774438,0.00359938015394091,0.000282879458602864,0.000844351112669314,0.000263866824833458,0.000694676490488703,0.000656750458146437,0.00042860446633612,0.000496759564463246,0.0006782271736452,0.0147739387800953,0.00059483979738661,0.00807924954170592,0.144281715622762,0.003608321353148,0.0212598707630758,0.000884193152679591,0.00318016932355091,0.00707104043366484,0.000329648267702023,0.000385622137066202,0.0051492975637435,0.000348808515535558,0.000355516456832773,0.00620376007411819,0.000272425527689968,0.000159955927605901
"CbMPDiCbraya","Management","In_vs_Post","HeS",0,0.034957420425539,0.0379187691968296,0,0,0,0.00237608402412652,0,0.00213197136023024,0.000446473020745494,0,0,0,0.0136063409482868,0,0.00135035961356851,0,0.00138854942027375,0.00395036537190366,0.00296030543216749,0,0.000374882433948807,0.000145071384083351,0,0.00189736822401062,0,0,0.0072105755966619,0.00139826114037521,0,0,0,0,0,0.00560607665303886,0.000804840915280184,0.000202286572201297,0.00107980221934216,0.00230453645379492,0.120135451892665,0,0,0.0543248707101325,0.00133624248918703,0.0339590123694081,9.00691551869191e-05,0,0.00349349005537242,0.366503013216499,0,0.000231153169682783,0,0.00071425863901271,0,0.00369798623397533,0.0270678288035699,0,0.00039579943476304,0.00063334553249877,0.030355187934542,0.00271760422179458,0,0.00370855975035304,0,0.0970901852259605,0.0797386618712262,0.000651221452967388,0.000418169430473437,0.000123511880351587,0.00215445440815312,0,0.000819082011621762,0.00090001459467548,0.00139702331891251,0.00174155824392114,0,0.00081740817823506,0,0,0.0115894347843245,0,0.0134928426533517,0.00249653515068225,0,0.00447338618177073,0,0.00896677222502975,0,0.00165552437329108,0,0,0
"CbMPDiCbraya","Management","In_vs_Post","HoS",0.00367809302343483,0.00175527514578379,0.00376540521932512,0.00446288446316186,1.08495637176924e-06,4.12505369260586e-06,0.00571400903509926,0.000140332689410716,0.00274197275919187,0.000156694454835085,0.0516205538381279,0.0982685628018448,0.13499755319674,0.00239376340210428,0.000377159304137145,0.000979854305186357,2.94529820158044e-05,4.91186822492921e-05,0.000576873625511708,1.24637673145648e-06,6.36059654094246e-05,9.60389046987898e-05,5.86814750039348e-05,0.0160772776140271,0.00119997474225398,2.34605523636649e-05,0.000525233895475019,0.0100400990245924,6.28512436897965e-05,0.000262999431005401,0.0882635593283457,0.00612162700422931,0.0189836352432459,0.0158451445084455,1.05632936775178e-05,7.94827568020801e-05,0.000187192926005828,0.000881256969783113,3.26602639095854e-05,0.00567729808278025,0.000391924896041049,0.00386767016959733,0.0136267810281792,0.00678026445393483,0.000203117348883914,0.00589852287278517,0.0393094748722161,0.00171864481897157,0.0190189442353982,0.0183458042113906,3.00512376630635e-05,7.52380279176273e-05,0.000116781598738187,0.00123008430766827,7.0542169203439e-07,0.00384561301659315,0.13072135931054,0.000197296893101797,8.3589939076313e-05,0.0198115953651061,9.03071121900291e-05,0.00391337874588964,0.00242834971066363,0.110631999582813,0.00708504699719637,0.0192564216013112,0.000186778319769101,2.64287714687937e-05,4.53125578986689e-05,7.92717554202853e-05,0.0480026700482932,5.9573114353261e-06,0,0.000448166058508245,0.00013744088115468,0.00062543578392517,0.00115395198944817,0.00667412331683778,0.0250354616322259,0.00196128323309438,0.0217654341749201,0.00734585605340727,0.00018970237320297,0.00109604512676709,1.01023000460129e-05,5.87789335139682e-05,0.000219781140554343,1.36019708276815e-05,1.25951979490536e-05,8.86982468009117e-06,2.40591349673235e-06,8.91901489722491e-06
"CbMPDiCbraya","Management","In_vs_Post","DL",0.0073000200793547,0.0194988808814604,0.00258979670313296,0.0104928109180093,0.00961811653340573,0.00039852136536556,0.0040553999215645,0.00705380939105715,0.000118414860595434,0.00302311404048363,0.255765750373124,0.0169176291742845,0.0574190246879192,0.00574593965946986,0.00267962186384618,0,0,0.000470493366684927,0.00113159436384791,0.00494283827640307,0.00279839976308578,0.000543008399744108,0.000696779327663866,0.00236271989748415,0,0.000858082502892,8.72831551963334e-05,0.00147245001376999,0,0.00280004523203861,0.0132070011607775,0.00903463144088148,0.0189267063306047,0.108905305344982,0.0021032462011404,0.0020796910950261,0.000790336505958298,0.00287616650766404,0.000797299698164272,0.00254334979487015,0.00510742978280774,0,0,0.000159279602789015,0.00149879985432018,0.0103954974554652,0.00789001398917828,0.0038486840309386,0.0345832365371846,0.000695103911971163,0.000411025129946026,0.000789793714339534,0.00102743967171549,0.0149281258428032,0.000772823527866882,0.0287103950247812,0.0748999915506575,4.56099022231452e-05,0.0018645047661132,0,0.0265272747781132,0.0151396374883886,0.0117215165591727,0.00127229713694536,0.0217152832113962,0,9.16520831076357e-05,3.57655069465658e-05,0.00022916247876408,0.000309906395433781,0.00209887261737468,0.000936390177907092,0.000803050442905785,0.00138265883601191,0.00118709406732036,0.0012804654344608,0.00119528444741899,0.00368599053354227,0.102080867025767,0.00526462886718786,0,0.00132034072865026,0.00250830584422704,0.0105788098183312,0.000292775712779636,0.000410482891709527,0.0164513119693365,0.00036456375682224,0.000258223659345692,0,0.000924986393774196,0.000200368009805216
"CbMPDiCbraya","Management","In_vs_Post","HD",0.0173104157613186,0.0400135264921588,0.00725359508219395,0.0113673571580033,0.0111208942631759,0.000215937200129898,0.00131224033057997,0.00246439323259442,0.000571193381048368,0.000680061352655493,0.171111852388355,0.00121715573982509,0.0140575079478179,0.0185009649808958,0.00568161248439983,0.025665634775303,0.00841579089460247,0.00772227844202775,0.00499872175045235,0.00291333121328749,0.00531190895462883,0.000682062709278322,0.000975506945735822,0.022045184470906,0.00761281725516497,0.000494065258179597,0.00763870370255649,0.000229651664818419,0.00415717825782265,0.00549256295751886,0,0.0130005207578431,0.0403808462106782,0.026920674836794,0.012609369661734,0.000233648677325237,0.000556238155691127,0.00495415720673094,0.00014923586943979,0.00647084344163924,0.00235410817756092,0.0572566458447452,0.00091810845323712,0.000148466307532614,0.0446647157945943,0.000206739569830494,0.0064346174979427,0.000159811950824094,0.00981362085284953,2.6896767959493e-05,0.000229682309463119,0.000648876503122364,0.00168672522625546,0.00718714529165653,0.001318093254704,0.014963712181113,0.0436154234990128,0.0126887632593689,0.0134245906645772,0.037731127488676,0.0128132665589211,0.0228567959418915,0.00530625272265534,0,0.0317796964242316,0.0366097634742547,0.00607201785523174,0.00184639769892442,0.00134153239853283,6.95230513128602e-05,0.00516358439193103,0.00582110719272114,0.00069937938847119,0.00188563971129689,0.00257569921973962,0.00157297801754678,0.00115599978660502,0.0183408617251582,0.0397234407438507,0.0039427122194168,0.0102675475727542,0.00433951984138185,0.0038713297306986,0.00470231462953012,0.000685920818620101,0.00053459262600144,0.00249285272631044,0.00047080308907887,0.000515689724064572,0.00378019722499433,0.000634294711818493,0.000140776021717142
"CbMPDiCbraya","Management","In_vs_Post","DR",0.0007091011227161,0.00418105154873879,0.00392973364528657,0.0244914197131133,0.0163121562978631,0.000750585038068699,0.00173468964179717,0.0031683587857931,0.00053359341075274,0.000257485668354119,0.108225422538442,0.00490500973516872,0.0799385945156839,0.00160263892752709,0.00119778903362233,0.00291501395117905,0.00491489456699907,0.00092855175474495,0.00144629845248288,0.00251056255082483,0.000568350048193813,0.000386249742937871,0.00109449720182127,0.0106986490184602,0.00421725713054036,0.000894705339949383,0.00288209962460363,0.00150157965988316,0.00411094603265908,0.0107215006932138,0.00818590794786428,0.0512834716265138,0.00633789477022776,0.0360144760809245,0.00499261453212198,0.00115048520413264,0.000622077341243437,0.0067457965032375,0.000823589125701455,0.0171414956979799,0.00233774785066456,0.0270546231838254,1.14344494676645e-05,0.00021637729248145,0.0106382946273301,0.00247615105005426,0.0166344911084683,0.00327392894061245,0.00593631857035099,0.00158895490149603,0.000259754889218881,0.000180668536053908,0.000107814254526604,0.00892606178056318,0.000303577966170289,0.023355585760085,0.0371789721188788,0.0032756779373822,0.0127670179109222,0.00802376546760764,0.037225783273699,0.0233513588627457,0.0137968430302924,0.0268363157601592,0.0320451188375462,0.0265998105932264,0.00377328374428108,0.000610755776973296,0.00149012696449038,0.000642621708203591,0.00456636197366503,0.000286486891051826,0.000681510339795678,0.000924192158717787,0.00111248269606859,0.00348608076830791,0.000884985624957224,0.00865830600869241,0.165747709840457,0.00481264637079618,0.0204986251718834,0.00196711276940986,0.0030116983102572,0.00736426105294885,0.000299655134811833,0.000299775150302708,0.00783301204767887,0.000196222432205812,0.000206883820247381,0.000730173599385607,0.00023602090003447,0.000249965569178283
