"Method","samp1","samp2","HeS","HoS","DL","HD","DR"
"CbMPDiCbraya","S1_10B","S10_1B",0.00044230349470768,0.305388909101406,0.331976074809945,0.00323084903998613,0.358961863553956
"CbMPDiCbraya","S1_10B","S11_1Z",0.000778146373428349,0.270054044924045,0.327890016338334,0.00693794106779871,0.394339851296394
"CbMPDiCbraya","S1_10B","S12_1D",0.000124615768048517,0.262196590753227,0.25778733658512,0.00602462933791285,0.473866827555691
"CbMPDiCbraya","S1_10B","S13_2B",0.00308389358798627,0.214601996117573,0.311125531766718,0.000604394412821304,0.470584184114902
"CbMPDiCbraya","S1_10B","S14_2Z",0.0028557846523806,0.233733267767635,0.533621991762942,0.00280272784697914,0.226986227970063
"CbMPDiCbraya","S1_10B","S15_2D",0.00345102124745368,0.231259339255639,0.597386028726383,0.016003793083148,0.151899817687376
"CbMPDiCbraya","S1_10B","S16_3B",0.00405352893329671,0.162732487672676,0.588986714522439,0.00270136384318771,0.2415259050284
"CbMPDiCbraya","S1_10B","S17_3Z",0,0.374069665222819,0.214032489831233,0.0245147431481317,0.387383101797816
"CbMPDiCbraya","S1_10B","S18_3D",0.000470477534697718,0.266519439895064,0.549462020385839,0.00638985960812694,0.177158202576272
"CbMPDiCbraya","S1_10B","S19_4B",0,0.23424165845277,0.406871076331116,0.000766629959204505,0.35812063525691
"CbMPDiCbraya","S1_10B","S2_10Z",0,0.424850151602726,0.0469522464859964,0.0184092745479211,0.509788327363356
"CbMPDiCbraya","S1_10B","S20_4Z",0.00267503888800522,0.247704570945084,0.456201905034132,0.000785988193001819,0.292632496939777
"CbMPDiCbraya","S1_10B","S21_4D",0,0.22919125489027,0.34373913615806,0.00345699467437176,0.423612614277298
"CbMPDiCbraya","S1_10B","S22_5B",0.0651464495919086,0.15253728474623,0.532800216746799,0.00505108650977011,0.244464962405292
"CbMPDiCbraya","S1_10B","S23_5Z",0.00650059053883385,0.367740065658777,0.306551770986413,0.00779609867740518,0.311411474138571
"CbMPDiCbraya","S1_10B","S24_5D",0.000734192063518077,0.28168321486321,0.518694237550172,0.00750777308621274,0.191380582436887
"CbMPDiCbraya","S1_10B","S25_6B",0.147498353901214,0.208349552711434,0.36125301616029,0.000135495912331875,0.282763581314731
"CbMPDiCbraya","S1_10B","S26_6Z",0.00066970948276653,0.108141546960487,0.569194382699952,0.00516175758067749,0.316832603276117
"CbMPDiCbraya","S1_10B","S27_6D",0.00512369111576013,0.0523424429911451,0.632148275448786,0.00578137958920677,0.304604210855102
"CbMPDiCbraya","S1_10B","S28_7B",0.0194092253658529,0.294965906937703,0.421175032566053,0.0102746841061334,0.254175151024258
"CbMPDiCbraya","S1_10B","S29_7Z",0.0049113166406505,0.133975841888989,0.541774432174594,0.00860095744744426,0.310737451848322
"CbMPDiCbraya","S1_10B","S3_10D",0.00028048765150067,0.355392975465992,0.0582913760142446,0.0200990151869586,0.565936145681304
"CbMPDiCbraya","S1_10B","S30_7D",0.014167858699722,0.0101771668978492,0.797527365920671,0.00766975291251029,0.170457855569247
"CbMPDiCbraya","S1_10B","S31_8B",0.00261089621335409,0.21976737819222,0.529333646202108,0.00553875079903917,0.242749328593279
"CbMPDiCbraya","S1_10B","S32_8Z",0.00854499953954097,0.298156845272275,0.333895282168305,0.00764052015463714,0.351762352865242
"CbMPDiCbraya","S1_10B","S33_8D",0.00878483968380017,0.355161841712057,0.29278530113015,0.006606571478526,0.336661445995468
"CbMPDiCbraya","S1_10B","S34_9B",0.00347796960223473,0.309536489894267,0.448656659837706,0.00517321945044684,0.233155661215346
"CbMPDiCbraya","S1_10B","S35_9Z",0.0285711962144399,0.348081444596039,0.310819880901,0.012542218780757,0.299985259507764
"CbMPDiCbraya","S1_10B","S36_9D",0.00318361131535543,0.286073631951941,0.502838411535005,0.0140206000533972,0.193883745144301
"CbMPDiCbraya","S1_10B","S4_11B",0.0189264922578931,0.14498214202966,0.517148384806769,0.00431249215231681,0.314630488753361
"CbMPDiCbraya","S1_10B","S5_11Z",0.000358190240118995,0.208031886665324,0.335331223896651,0.00550851264114549,0.450770186556761
"CbMPDiCbraya","S1_10B","S6_11D",0.00998226440417985,0.210826442351737,0.530243835739625,0.0062456972242525,0.242701760280205
"CbMPDiCbraya","S1_10B","S7_12B",0.00122319697316662,0.295901136653853,0.385596311013236,0.00267803197654671,0.314601323383198
"CbMPDiCbraya","S1_10B","S8_12Z",0.00119807554610332,0.267853710288169,0.412775029943326,0.00292799922973905,0.315245184992663
"CbMPDiCbraya","S1_10B","S9_12D",0,0.250610851774444,0.427445220214631,0.00280334587963418,0.319140582131291
"CbMPDiCbraya","S10_1B","S11_1Z",0.000246693875763624,0.431125802518858,0,0.0632878467743287,0.505339656831049
"CbMPDiCbraya","S10_1B","S12_1D",0.000491742808297395,0.409315998256743,0.0370226744800222,0.0300572807806108,0.523112303674327
"CbMPDiCbraya","S10_1B","S13_2B",0.00388234906190419,0.174080117694252,0.264020237156137,0.0150524344005851,0.542964861687122
"CbMPDiCbraya","S10_1B","S14_2Z",0.000236626854468426,0.203136041012435,0.322066028282443,0.00468003333087894,0.469881270519774
"CbMPDiCbraya","S10_1B","S15_2D",0,0.194409311631295,0.339650932192927,0.00835914579939539,0.457580610376382
"CbMPDiCbraya","S10_1B","S16_3B",0.0106589182710542,0.0114522937575256,0.660447034910811,0.00258844518691329,0.314853307873696
"CbMPDiCbraya","S10_1B","S17_3Z",0.000717433094510033,0.318474132165803,0.253295458516141,0.0145359854995958,0.41297699072395
"CbMPDiCbraya","S10_1B","S18_3D",0.0017794747993686,0.208957561644519,0.345773739486149,0.00615932192082983,0.437329902149133
"CbMPDiCbraya","S10_1B","S19_4B",0.0046937368933664,0.220326832827006,0.426913053552626,0.00773756748060491,0.340328809246397
"CbMPDiCbraya","S10_1B","S2_10Z",0.000498165052121819,0.422984133119125,0.161974814944079,0.00324934374890461,0.41129354313577
"CbMPDiCbraya","S10_1B","S20_4Z",0.00387007972542991,0.19076839617277,0.434355889226258,0.0063755887138702,0.364630046161672
"CbMPDiCbraya","S10_1B","S21_4D",0.00167390986870653,0.166776522635294,0.394022423125971,0.00838668902413385,0.429140455345895
"CbMPDiCbraya","S10_1B","S22_5B",0.00387007972542991,0.134859993767212,0.529917752529115,0.0102915970550844,0.321060576923158
"CbMPDiCbraya","S10_1B","S23_5Z",0.00886840081493177,0.304077884817876,0.376198705245034,0.00574465202382242,0.305110357098337
"CbMPDiCbraya","S10_1B","S24_5D",0,0.0778722369443335,0.651019131234036,0.00704004166417081,0.264068590157459
"CbMPDiCbraya","S10_1B","S25_6B",0.0520449751528369,0.0351475263609123,0.407210815008898,0.00294870955440942,0.502647973922943
"CbMPDiCbraya","S10_1B","S26_6Z",0.00127958535576697,0.104846507264961,0.619033727885747,5.59733139244871e-05,0.2747842061796
"CbMPDiCbraya","S10_1B","S27_6D",0.00373601229845197,0.0594300225644551,0.638565734664446,0.000688743770503673,0.297579486702144
"CbMPDiCbraya","S10_1B","S28_7B",0.00109832966148017,0.0727205166586712,0.669968510082222,0.00174998070241321,0.254462662895214
"CbMPDiCbraya","S10_1B","S29_7Z",0.000536582604500056,0.0380942952788142,0.66951533152531,0.000873677613659696,0.290980112977716
"CbMPDiCbraya","S10_1B","S3_10D",0,0.230798755519941,0.291773748644813,0.00618989762929358,0.471237598205952
"CbMPDiCbraya","S10_1B","S30_7D",0.00501580918970439,0.0127400009472341,0.716548106762773,0.00465310355663918,0.26104297954365
"CbMPDiCbraya","S10_1B","S31_8B",0.0307982322289814,0.148578078958055,0.523179744501152,0.00597736169217926,0.291466582619632
"CbMPDiCbraya","S10_1B","S32_8Z",0.000134067426977941,0.123312669287065,0.525760720173009,0.00242839500559824,0.34836414810735
"CbMPDiCbraya","S10_1B","S33_8D",0,0.169966175059941,0.594632039721053,0.0013375536980843,0.234064231520922
"CbMPDiCbraya","S10_1B","S34_9B",0.00488077510057383,0.159182174740367,0.575389807892728,0.00960336511580223,0.25094387715053
"CbMPDiCbraya","S10_1B","S35_9Z",0.00567837144366585,0.19122720418355,0.557592263387149,0.0107771751680599,0.234724985817576
"CbMPDiCbraya","S10_1B","S36_9D",0.0419490800923798,0.0918447536995375,0.648586820881754,0.0226156726482522,0.195003672678077
"CbMPDiCbraya","S10_1B","S4_11B",0.10856726541045,0.127537582542067,0.410679695831722,0.00432518806961945,0.348890268146141
"CbMPDiCbraya","S10_1B","S5_11Z",0.00383730040343041,0.19482411945719,0.476284549930897,0.00424337334995501,0.320810656858527
"CbMPDiCbraya","S10_1B","S6_11D",0.0745134797482448,0.138086953775937,0.476257986803587,0.0059176932984959,0.305223886373735
"CbMPDiCbraya","S10_1B","S7_12B",0.0143464166803701,0.381252701439885,0.0264760956011629,0.0205532275995542,0.557371558679028
"CbMPDiCbraya","S10_1B","S8_12Z",0.000797505360571638,0.37311259296544,0.133237453461175,0.0245562667025981,0.468296181510215
"CbMPDiCbraya","S10_1B","S9_12D",0.000284975028409408,0.379053874396766,0.137054139569686,0.0104224733360102,0.473184537669128
"CbMPDiCbraya","S11_1Z","S12_1D",0.00073249594517735,0.389989265548643,0.0271850732973476,0.0290064418548604,0.553086723353971
"CbMPDiCbraya","S11_1Z","S13_2B",0.00396622921439633,0.20663406867225,0.270398190212722,0.00753761462897816,0.511463897271654
"CbMPDiCbraya","S11_1Z","S14_2Z",0.00302721544499642,0.198136153533755,0.258390676618351,0.0115863660834115,0.528859588319486
"CbMPDiCbraya","S11_1Z","S15_2D",0.00371708614723248,0.17809688467467,0.308752148810368,0.0127655660317161,0.496668314336013
"CbMPDiCbraya","S11_1Z","S16_3B",0.00612189941829397,0.00994529505863928,0.574523695455612,0.00321757442180565,0.406191535645649
"CbMPDiCbraya","S11_1Z","S17_3Z",0.00114429776994675,0.276531744395621,0.207959396782631,0.0134549094424019,0.500909651609398
"CbMPDiCbraya","S11_1Z","S18_3D",0.00171859564623592,0.172042904719755,0.263855077700748,0.00542220248222947,0.556961219451032
"CbMPDiCbraya","S11_1Z","S19_4B",0.028124959409068,0.159996886386345,0.413069486706138,0.00705603030880981,0.391752637189639
"CbMPDiCbraya","S11_1Z","S2_10Z",0.000778146373428349,0.490840928553032,0.153099509135887,0.00948200307220861,0.345799412865444
"CbMPDiCbraya","S11_1Z","S20_4Z",0.000532415939714134,0.376491279347885,0.401227928410104,0.00707426127451229,0.214674115027784
"CbMPDiCbraya","S11_1Z","S21_4D",0,0.422846667488134,0.316197245761861,0.0147288095463047,0.2462272772037
"CbMPDiCbraya","S11_1Z","S22_5B",0.0272044067657779,0.18674568520128,0.523813992131861,0.00920536273121226,0.253030553169869
"CbMPDiCbraya","S11_1Z","S23_5Z",0.0272044067657779,0.181236029447069,0.289806847879647,0.00417623918315614,0.497576476724349
"CbMPDiCbraya","S11_1Z","S24_5D",0,0.0641747731538651,0.579141245443863,0.00835568678562577,0.348328294616647
"CbMPDiCbraya","S11_1Z","S25_6B",0.0332964737682762,0.0355795466529127,0.37813031876902,0.000835019277622572,0.552158641532169
"CbMPDiCbraya","S11_1Z","S26_6Z",0.000125960446699514,0.11325291329391,0.497917705284985,0,0.388703420974406
"CbMPDiCbraya","S11_1Z","S27_6D",0,0.0498662384584739,0.517685513574214,0.00701446931441281,0.4254337786529
"CbMPDiCbraya","S11_1Z","S28_7B",0.00205486369130704,0.0676940990502567,0.611860591505538,0.00871864486144661,0.309671800891451
"CbMPDiCbraya","S11_1Z","S29_7Z",0.00165003915507243,0.0377015278086352,0.608029136110112,0.00241891282802675,0.350200384098154
"CbMPDiCbraya","S11_1Z","S3_10D",5.42130969020751e-05,0.220177638466442,0.253898582896471,0.00489991295428048,0.520969652585904
"CbMPDiCbraya","S11_1Z","S30_7D",0.00139820964796095,0.0124007953388704,0.603453448714403,0.00452280158005666,0.378224744718709
"CbMPDiCbraya","S11_1Z","S31_8B",0.030276643497446,0.145458817674697,0.414381194301025,0.00429778051986226,0.40558556400697
"CbMPDiCbraya","S11_1Z","S32_8Z",0,0.119596952687524,0.474953689291032,0.00137551688530933,0.404073841136134
"CbMPDiCbraya","S11_1Z","S33_8D",0.000532415939714134,0.167484401530584,0.593761685660783,0.00137162656217545,0.236849870306744
"CbMPDiCbraya","S11_1Z","S34_9B",0.0017778573378509,0.158830079250328,0.677628577834361,0.0114310303990968,0.150332455178364
"CbMPDiCbraya","S11_1Z","S35_9Z",0.00257545368094293,0.180804076601798,0.513715551573637,0.0211384110765127,0.28176650706711
"CbMPDiCbraya","S11_1Z","S36_9D",0.0327687036270476,0.104288095902949,0.624528748355983,0.0220154724107321,0.216398979703288
"CbMPDiCbraya","S11_1Z","S4_11B",0.107951829741534,0.125733066188374,0.357583761648329,0.0102744349561583,0.398456907465604
"CbMPDiCbraya","S11_1Z","S5_11Z",0.000532415939714134,0.185490667157269,0.367215966023798,0.0103623792914332,0.436398571587786
"CbMPDiCbraya","S11_1Z","S6_11D",0.0743033494499847,0.133986078208357,0.407757251123817,0.0127633488004987,0.371189972417342
"CbMPDiCbraya","S11_1Z","S7_12B",0.00112345607559286,0.378863018298898,0.0337765313352386,0.014123129316638,0.572113864973632
"CbMPDiCbraya","S11_1Z","S8_12Z",0.000160061311256679,0.371153302151421,0.124551770921879,0.0234438497980108,0.480691015817432
"CbMPDiCbraya","S11_1Z","S9_12D",0.000619757359393664,0.382857316835035,0.112039453894863,0.027873327693707,0.476610144217002
"CbMPDiCbraya","S12_1D","S13_2B",0.00667173023212455,0.134616740992527,0.198551116838446,0.0202875665004764,0.639872845436426
"CbMPDiCbraya","S12_1D","S14_2Z",0.00299986467415466,0.172638033985846,0.257292840535901,0.0232220476937303,0.543847213110368
"CbMPDiCbraya","S12_1D","S15_2D",0.00390117567288484,0.133039907283313,0.312335265879065,0.0224424682171993,0.528281182947538
"CbMPDiCbraya","S12_1D","S16_3B",0.00688801078911139,0.0121144804012528,0.776025714130765,0.0133264167656296,0.191645377913241
"CbMPDiCbraya","S12_1D","S17_3Z",0.000751258623597035,0.284557507916671,0.194294675837782,0.0131979356384331,0.507198621983518
"CbMPDiCbraya","S12_1D","S18_3D",0.000350701983683014,0.162219843685458,0.317974798579326,0.0117111133125974,0.507743542438935
"CbMPDiCbraya","S12_1D","S19_4B",0.00580819321735667,0.436872750789668,0.350498523902764,0.00955608978314076,0.197264442307071
"CbMPDiCbraya","S12_1D","S2_10Z",0.000124615768048517,0.143562908019114,0.414520924162549,0.0210886369116833,0.420702915138605
"CbMPDiCbraya","S12_1D","S20_4Z",0.00310510456239713,0.143400760734269,0.424808084427461,0.0125202337705057,0.416165816505368
"CbMPDiCbraya","S12_1D","S21_4D",0,0.0733874880224181,0.37649696365774,0.0159335327789852,0.534182015540857
"CbMPDiCbraya","S12_1D","S22_5B",0.0695689956988892,0.236237938032877,0.390206591011904,0.0108578989916924,0.293128576264637
"CbMPDiCbraya","S12_1D","S23_5Z",0.00788330556358403,0.167877135311064,0.249929428923012,0.00470364663120241,0.569606483571137
"CbMPDiCbraya","S12_1D","S24_5D",0.000839644604444249,0.0377022850401759,0.817227008562213,0.00245826965227902,0.141772792140888
"CbMPDiCbraya","S12_1D","S25_6B",0.00608379930694545,0.0313060975103053,0.399104145956627,0.00768825354830022,0.555817703677822
"CbMPDiCbraya","S12_1D","S26_6Z",0.0013491870445199,0.0359332283832261,0.559224011042254,0.0102349650655162,0.393258608464484
"CbMPDiCbraya","S12_1D","S27_6D",0.00282462407576639,0.0103383117981331,0.686031483192957,0.00759507484349259,0.293210506089651
"CbMPDiCbraya","S12_1D","S28_7B",0.00406986847364617,0.0722398499235045,0.805966693288404,0.001072667253807,0.116650921060638
"CbMPDiCbraya","S12_1D","S29_7Z",0.00854456495932478,0.0393620206653749,0.846608994827051,0.000159859468388608,0.105324560079861
"CbMPDiCbraya","S12_1D","S3_10D",0,0.0910490483044495,0.384210514344089,0.0227247992394074,0.502015638112054
"CbMPDiCbraya","S12_1D","S30_7D",0.0264600794358293,0.0127400888209688,0.805620794495001,0,0.155179037248201
"CbMPDiCbraya","S12_1D","S31_8B",0.0282743972301844,0.0572291323706632,0.681241596695581,0.0069423081774334,0.226312565526138
"CbMPDiCbraya","S12_1D","S32_8Z",0,0.0530013429835092,0.775984430984249,0.00188214207785369,0.169132083954388
"CbMPDiCbraya","S12_1D","S33_8D",0.00189267137131997,0.170627928325892,0.590574613146789,0.000779056008506678,0.236125731147492
"CbMPDiCbraya","S12_1D","S34_9B",0,0.163451410353796,0.752346679681699,0.00394417822133526,0.0802577317431701
"CbMPDiCbraya","S12_1D","S35_9Z",0.00267162719959492,0.0932936432266866,0.733605160819603,0.0779906583136409,0.0924389104404749
"CbMPDiCbraya","S12_1D","S36_9D",0.000500536927993831,0.0885703726812358,0.834614845635037,0.00620470514223286,0.0701095396135002
"CbMPDiCbraya","S12_1D","S4_11B",0.013826513106759,0.24759874553119,0.387127320953002,0.0140442124113982,0.337403207997651
"CbMPDiCbraya","S12_1D","S5_11Z",0.00224266645611549,0.118544414027951,0.630283642308571,0.00951302104922675,0.239416256158136
"CbMPDiCbraya","S12_1D","S6_11D",0.0134150200385166,0.187889669181991,0.609423726878873,0.0146408225757307,0.174630761324889
"CbMPDiCbraya","S12_1D","S7_12B",0.0109109912358133,0.344025647515531,0.143328375858621,0.0213959149814533,0.480339070408582
"CbMPDiCbraya","S12_1D","S8_12Z",0.000498215890457736,0.332453472397438,0.150230024170293,0.014767218709897,0.502051068831914
"CbMPDiCbraya","S12_1D","S9_12D",0.000750327373623046,0.343568135578144,0.151203622759602,0.00944139557682028,0.49503651871181
"CbMPDiCbraya","S13_2B","S14_2Z",0.000267339381883283,0.172207805996541,0.0290212993712597,0.0794632115266649,0.719040343723651
"CbMPDiCbraya","S13_2B","S15_2D",0.000519881123203079,0.145085851750546,0.0179032756136304,0.0512425311144263,0.785248460398194
"CbMPDiCbraya","S13_2B","S16_3B",0.00552951344756283,0.0401145007293671,0.551219029993301,0.00779602720980672,0.395340928619963
"CbMPDiCbraya","S13_2B","S17_3Z",0.00355172401888207,0.225800437582264,0.189288571444002,0.00466569346024839,0.576693573494603
"CbMPDiCbraya","S13_2B","S18_3D",0.00445422804971546,0.124663494142293,0.300712631903672,0.0137693504289121,0.556400295475408
"CbMPDiCbraya","S13_2B","S19_4B",0.00349298050212491,0.222252857574667,0.304938474667876,0.0018103421368646,0.467505345118467
"CbMPDiCbraya","S13_2B","S2_10Z",0.000231020385842494,0.312449713330013,0.274670777483196,0.00182006503521307,0.410828423765736
"CbMPDiCbraya","S13_2B","S20_4Z",0.010844773978724,0.10659422273644,0.478968674276971,0.0044125917438085,0.399179737264057
"CbMPDiCbraya","S13_2B","S21_4D",0.00470520491039908,0.439388629415945,0.338267628192106,0.0111052199398934,0.206533317541656
"CbMPDiCbraya","S13_2B","S22_5B",0,0.070469246627689,0.520581511947054,0.000620449757928655,0.408328791667329
"CbMPDiCbraya","S13_2B","S23_5Z",0.000307820595158359,0.187169235905046,0.331558955601772,0.00689845223356549,0.474065535664458
"CbMPDiCbraya","S13_2B","S24_5D",0.000352867624542434,0.0783832802112065,0.530493331529399,0.0137566226321859,0.377013898002666
"CbMPDiCbraya","S13_2B","S25_6B",0.352110595811302,0.0131225520693055,0.135335610326181,3.68080094228504e-05,0.499394433783789
"CbMPDiCbraya","S13_2B","S26_6Z",0.000213307427824049,0.322923626120384,0.290050555493605,3.80976569940949e-05,0.386774413301193
"CbMPDiCbraya","S13_2B","S27_6D",0.295395703589672,0.00452385279892455,0.219445920611062,0.0055432508474024,0.475091272152939
"CbMPDiCbraya","S13_2B","S28_7B",0.000586193385992055,0.0900151898904187,0.568071690950724,0.0160166115077473,0.325310314265118
"CbMPDiCbraya","S13_2B","S29_7Z",0.0018800351080744,0.0713899744293091,0.766011793357967,0.0157297408782112,0.144988456226438
"CbMPDiCbraya","S13_2B","S3_10D",0,0.131926492046105,0.436714598716894,0.00898124799344356,0.422377661243557
"CbMPDiCbraya","S13_2B","S30_7D",0.0116052875841845,0.0243206789488108,0.612522634163966,0.0264704593755062,0.325080939927532
"CbMPDiCbraya","S13_2B","S31_8B",0.0262308439997384,0.184211176431365,0.379066284590077,0.0108684194619886,0.399623275516832
"CbMPDiCbraya","S13_2B","S32_8Z",0.00310431213231796,0.145009604970017,0.253343668971091,0.0059901049164878,0.592552309010087
"CbMPDiCbraya","S13_2B","S33_8D",0.000161686827776081,0.160807896684781,0.513471907581737,0.00965934134601346,0.315899167559693
"CbMPDiCbraya","S13_2B","S34_9B",0.00153519333831978,0.209478950032392,0.645746172022648,0.0140373934052285,0.129202291201412
"CbMPDiCbraya","S13_2B","S35_9Z",0.0268247758467345,0.144805463410335,0.586084919833658,0.0136960850300073,0.228588755879266
"CbMPDiCbraya","S13_2B","S36_9D",0.000804267973090732,0.132541405750814,0.636664373873597,0.0200162886413285,0.209973663761169
"CbMPDiCbraya","S13_2B","S4_11B",0.0163843077912618,0.154721639368722,0.378096124691441,0.00328350704131699,0.447514421107258
"CbMPDiCbraya","S13_2B","S5_11Z",0.00671027710821399,0.0890978824436603,0.406924905215412,0.00581356988785475,0.491453365344859
"CbMPDiCbraya","S13_2B","S6_11D",0.0209275711532592,0.123236073805553,0.408835823532261,0.00476033317377903,0.442240198335147
"CbMPDiCbraya","S13_2B","S7_12B",0.00367390574075242,0.193790092409486,0.310301259667046,0.0183102741214964,0.473924468061219
"CbMPDiCbraya","S13_2B","S8_12Z",0.0033285360597566,0.150916834626582,0.406416101912821,0.00138515014522774,0.437953377255613
"CbMPDiCbraya","S13_2B","S9_12D",0.00018140716272532,0.173336157994545,0.362277516984152,0.00475190401819484,0.459453013840383
"CbMPDiCbraya","S14_2Z","S15_2D",0,0.135609161272849,0.0112582544503944,0.0403600326190637,0.812772551657693
"CbMPDiCbraya","S14_2Z","S16_3B",0.00515655932649845,0.0421078987206366,0.742178803282933,0.006825237121699,0.203731501548233
"CbMPDiCbraya","S14_2Z","S17_3Z",0.00330697652414764,0.564648191856479,0.165178152027498,0.00614475735878427,0.260721922233091
"CbMPDiCbraya","S14_2Z","S18_3D",0.00437877815505391,0.50575104020254,0.296399257471002,0.00747749537046473,0.185993428800939
"CbMPDiCbraya","S14_2Z","S19_4B",0.00653200516888071,0.198824619135482,0.351502830325511,0.00391190502777687,0.439228640342349
"CbMPDiCbraya","S14_2Z","S2_10Z",0.000136745903320646,0.308866011220041,0.520069168320647,0.0100593613449153,0.160868713211076
"CbMPDiCbraya","S14_2Z","S20_4Z",0.0104571301794495,0.0919977641150569,0.510330382017735,0.00178853635745601,0.385426187330303
"CbMPDiCbraya","S14_2Z","S21_4D",0.00418203173456379,0.452280660126862,0.369092466275916,0.00489297386143998,0.169551868001218
"CbMPDiCbraya","S14_2Z","S22_5B",0.0048088976001094,0.0728354408585709,0.496311446458521,0.00752481080568023,0.418519404277119
"CbMPDiCbraya","S14_2Z","S23_5Z",0.00349841602661987,0.49696917335838,0.322514842344479,0.00803124685346976,0.168986321417051
"CbMPDiCbraya","S14_2Z","S24_5D",0.000673696717450493,0.249446024542247,0.599401448117293,0.00817220986133044,0.142306620761679
"CbMPDiCbraya","S14_2Z","S25_6B",0.00966337716799234,0.0109987805103508,0.467499526637533,0.00562989090513518,0.506208424778989
"CbMPDiCbraya","S14_2Z","S26_6Z",0.00131142366063857,0.12730620745289,0.721232273637192,0.00531442793169558,0.144835667317584
"CbMPDiCbraya","S14_2Z","S27_6D",0.000253300152727022,0.0134365485444998,0.743146505948006,0.00607161347520917,0.237092031879558
"CbMPDiCbraya","S14_2Z","S28_7B",0.00338792676078996,0.328186340753636,0.581788348544078,0.0120240393995513,0.0746133445419441
"CbMPDiCbraya","S14_2Z","S29_7Z",0.00561037287391336,0.126612498333266,0.73068140020988,0.012245155186462,0.124850573396478
"CbMPDiCbraya","S14_2Z","S3_10D",0,0.256046769628709,0.340612078613222,0.0113843227065413,0.391956829051528
"CbMPDiCbraya","S14_2Z","S30_7D",0.0188860557128826,0.1223415106697,0.738213493430781,0.0224557985434538,0.0981031416431828
"CbMPDiCbraya","S14_2Z","S31_8B",0.0260165807771128,0.112664085856145,0.692217100363945,0.0086416918988359,0.160460541103961
"CbMPDiCbraya","S14_2Z","S32_8Z",0.000147964539551599,0.0187437477025014,0.825657727772062,0.00866628806430616,0.146784271921579
"CbMPDiCbraya","S14_2Z","S33_8D",0.00184350446717385,0.140067008356262,0.581279375404829,0.0097293608583184,0.267080750913418
"CbMPDiCbraya","S14_2Z","S34_9B",0.00024588838821415,0.140652460968051,0.721497431432221,0.014202903292353,0.123401315919162
"CbMPDiCbraya","S14_2Z","S35_9Z",0.00241807608379657,0.162423075149506,0.669989545522969,0.01443717667483,0.150732126568898
"CbMPDiCbraya","S14_2Z","S36_9D",0.000308282851613733,0.0805607354420955,0.727125935426208,0.0220301078474792,0.169974938432604
"CbMPDiCbraya","S14_2Z","S4_11B",0.0167737432476742,0.0675701708130041,0.704066913465434,0.00188881579628344,0.209700356677604
"CbMPDiCbraya","S14_2Z","S5_11Z",0.00648216817260832,0.0964989487741604,0.724557956210281,0.0015829647815774,0.170877962061373
"CbMPDiCbraya","S14_2Z","S6_11D",0.0213170066096716,0.0627805552691661,0.76203498404228,0.00528600666996901,0.148581447408913
"CbMPDiCbraya","S14_2Z","S7_12B",0.00346930095529162,0.166863638549519,0.322519514993092,0.0144266894005624,0.492720856101534
"CbMPDiCbraya","S14_2Z","S8_12Z",0.00308217128810374,0.139409553570783,0.416007387098073,0.00402098400008047,0.43747990404296
"CbMPDiCbraya","S14_2Z","S9_12D",5.45119494952347e-05,0.159654584120846,0.3873985083502,0.00699148045153891,0.44590091512792
"CbMPDiCbraya","S15_2D","S16_3B",0.00859443443844241,0.0413625359103,0.782356499301903,0.00849041071228626,0.159196119637069
"CbMPDiCbraya","S15_2D","S17_3Z",0.00371464189317956,0.221886238866375,0.160614861130673,0.00562795294454593,0.608156305165227
"CbMPDiCbraya","S15_2D","S18_3D",0.00482135570918287,0.143590374245921,0.32275202287447,0.00723378394544315,0.521602463224983
"CbMPDiCbraya","S15_2D","S19_4B",0.00376557164065456,0.190028538751572,0.33911341424739,0.00604648281240185,0.461045992547981
"CbMPDiCbraya","S15_2D","S2_10Z",0.000812431343830099,0.108960469552143,0.732467397702785,0.0159642983099782,0.141795403091263
"CbMPDiCbraya","S15_2D","S20_4Z",0,0.0802978266381893,0.515990847534257,0.00411244124051333,0.39959888458704
"CbMPDiCbraya","S15_2D","S21_4D",0.00491401423295751,0.450730327391273,0.398652970279086,0.0128814013809984,0.132821286715685
"CbMPDiCbraya","S15_2D","S22_5B",0,0.0648444995192791,0.698835529808898,0.00796528965072915,0.228354681021094
"CbMPDiCbraya","S15_2D","S23_5Z",8.2434978533524e-05,0.126257978863851,0.315041372503342,0.00410329789074608,0.554514915763528
"CbMPDiCbraya","S15_2D","S24_5D",0.00357012083485903,0.217787325279289,0.595879891623284,0.00294290429157081,0.179819757970997
"CbMPDiCbraya","S15_2D","S25_6B",0,0.0133768001113826,0.456239160046685,0.0105362241766568,0.519847815665276
"CbMPDiCbraya","S15_2D","S26_6Z",5.07968759921265e-05,0.148314839126912,0.714252052503714,0.00707726521505123,0.13030504627833
"CbMPDiCbraya","S15_2D","S27_6D",0.00373031856462834,0.00685411264181575,0.760988376995495,0.00761170408325705,0.220815487714804
"CbMPDiCbraya","S15_2D","S28_7B",0.000728165353751793,0.330806499459666,0.58888304939375,0.00169525556296242,0.0778870302298696
"CbMPDiCbraya","S15_2D","S29_7Z",5.97740286878009e-05,0.129513245535066,0.769716958808995,0,0.100710021627251
"CbMPDiCbraya","S15_2D","S3_10D",0,0.128918972332109,0.727173227529424,0.00661317165670086,0.137294628481766
"CbMPDiCbraya","S15_2D","S30_7D",0,0.114335870757568,0.766493379069757,0.0109596179780254,0.108211132194649
"CbMPDiCbraya","S15_2D","S31_8B",0.0291788321385152,0.11022744929312,0.699762765285059,0.00063861285732577,0.16019234042598
"CbMPDiCbraya","S15_2D","S32_8Z",0.000537252184192042,0.0903287793642274,0.776353286874824,0.0101491451221982,0.122631536454559
"CbMPDiCbraya","S15_2D","S33_8D",0,0.198251959279887,0.603949860626306,0.00708982525001487,0.190708354843793
"CbMPDiCbraya","S15_2D","S34_9B",0.00271366424357792,0.128867181281203,0.787133978158756,0.0139674310054022,0.0673177453110609
"CbMPDiCbraya","S15_2D","S35_9Z",0.00351126058666994,0.148102116827002,0.699201903752859,0.00855328866106972,0.140631430172399
"CbMPDiCbraya","S15_2D","S36_9D",0,0.0824779530359412,0.826717595325583,0.0128817308990904,0.0779227207393857
"CbMPDiCbraya","S15_2D","S4_11B",0.00770975159507691,0.153556185828752,0.656957416830876,0.00575308806873442,0.176023557676561
"CbMPDiCbraya","S15_2D","S5_11Z",0.0070774047676814,0.0931575838766462,0.701464580493243,0.00283307565487333,0.195467355207556
"CbMPDiCbraya","S15_2D","S6_11D",0.021504373731288,0.127539335972567,0.706766060387907,0.00568195021943471,0.138508279688803
"CbMPDiCbraya","S15_2D","S7_12B",0.00404103340021983,0.192970177001806,0.30010661438379,0.00608645123653753,0.496795723977647
"CbMPDiCbraya","S15_2D","S8_12Z",0.00371525871584596,0.150198754897836,0.407705223105699,0.00443541801716955,0.433945345263449
"CbMPDiCbraya","S15_2D","S9_12D",0,0.160375424318595,0.395843641774199,0.00654232397753568,0.437238609929671
"CbMPDiCbraya","S16_3B","S17_3Z",0.00176244617999038,0.0433534737874856,0.56317866489931,0.0143559632425299,0.377349451890685
"CbMPDiCbraya","S16_3B","S18_3D",0.000620058930974718,0.0489513097479085,0.766549252629668,0.00757889988996956,0.176300478801479
"CbMPDiCbraya","S16_3B","S19_4B",0.000991398723168494,0.0590369867566263,0.724651716107858,0.006109826438866,0.209210071973481
"CbMPDiCbraya","S16_3B","S2_10Z",0.00461614601342761,0.0734419852980482,0.700046978109659,0.00829406757625246,0.213600823002612
"CbMPDiCbraya","S16_3B","S20_4Z",0.00309298211056771,0.0382385770576868,0.744910114675949,0.00411446513232347,0.209643861023473
"CbMPDiCbraya","S16_3B","S21_4D",0.00387332403361066,0.0309893930958237,0.689079174943443,0.00152839899335765,0.274529708933765
"CbMPDiCbraya","S16_3B","S22_5B",0.0642584635626374,0.102018410146812,0.682972612528206,0.0163972544679729,0.134353259294372
"CbMPDiCbraya","S16_3B","S23_5Z",0.00181643176942622,0.143763652846385,0.546520395973934,0.00173387476709348,0.306165644643161
"CbMPDiCbraya","S16_3B","S24_5D",0.000570871899630193,0.243051587387445,0.604023372502907,0.00640527954341936,0.145948888666598
"CbMPDiCbraya","S16_3B","S25_6B",0.00148688656926157,0.05376708582007,0.743913143685996,0.00712019452088558,0.193712689403787
"CbMPDiCbraya","S16_3B","S26_6Z",0.00389453447628128,0.257245850341451,0.659981209057723,0.00277149796225184,0.0761069081622925
"CbMPDiCbraya","S16_3B","S27_6D",0.00273090334073764,0.0803736588378665,0.6994533290411,0.00277948627295454,0.214662622507341
"CbMPDiCbraya","S16_3B","S28_7B",0.00205058964362933,0.104700221565087,0.803056662699148,0.0125548834688119,0.0776376426233238
"CbMPDiCbraya","S16_3B","S29_7Z",0.00224187789054173,0.145936291473681,0.754016368128867,0.00819777085260006,0.0896076916543107
"CbMPDiCbraya","S16_3B","S3_10D",0.00555792071213856,0.0731266560124853,0.671568309081026,0.00600091127493389,0.243746202919417
"CbMPDiCbraya","S16_3B","S30_7D",0.0015277942685666,0.118408320176308,0.811550213205652,0.0110890170688471,0.0574246552806263
"CbMPDiCbraya","S16_3B","S31_8B",0.00364439516313772,0.162578809866386,0.687089731285265,0.00407180981908204,0.142615253866129
"CbMPDiCbraya","S16_3B","S32_8Z",0.000879019225331915,0.099960048152196,0.650126105331739,0.00689028487107712,0.242144542419656
"CbMPDiCbraya","S16_3B","S33_8D",0.000405270619707454,0.123391749604727,0.552870271335917,0.0076075579887668,0.315725150450882
"CbMPDiCbraya","S16_3B","S34_9B",0.0027136818867145,0.0894533199416895,0.784517033193766,0.0330420777254444,0.0902738872523852
"CbMPDiCbraya","S16_3B","S35_9Z",0.0367775292864401,0.105632840825634,0.67734194639725,0.0379266472132736,0.142321036277402
"CbMPDiCbraya","S16_3B","S36_9D",0.0421202994533277,0.118695174236597,0.765153536670525,0.0422956633791721,0.0317353262603784
"CbMPDiCbraya","S16_3B","S4_11B",0.00189745661063126,0.107663405237391,0.710392924994097,0.00802668038275426,0.172019532775127
"CbMPDiCbraya","S16_3B","S5_11Z",0.00174792837771486,0.0388389976844563,0.701216938094736,0.00975161315292468,0.248444522690169
"CbMPDiCbraya","S16_3B","S6_11D",0.0153844756487428,0.0903245837274882,0.746208075885627,0.015364707512313,0.132718157225829
"CbMPDiCbraya","S16_3B","S7_12B",0.00572113965659042,0.0380018489225429,0.703037935804539,0.0033518661963549,0.249887209419973
"CbMPDiCbraya","S16_3B","S8_12Z",0.00493769302979824,0.0114174073606936,0.712792353294733,0.00370835141497301,0.267144194899802
"CbMPDiCbraya","S16_3B","S9_12D",0.00346195513028138,0.0084129225420719,0.72850218800679,0.0100652960051963,0.24955763831566
"CbMPDiCbraya","S17_3Z","S18_3D",0,0.611928485193525,0.0298208770341578,0.0102562406408173,0.3479943971315
"CbMPDiCbraya","S17_3Z","S19_4B",0.00728462046209429,0.221466374928328,0.351877752577815,0.0103595044212456,0.409011747610517
"CbMPDiCbraya","S17_3Z","S2_10Z",0,0.444595571373788,0.162897462418725,0.012042235529028,0.380464730678459
"CbMPDiCbraya","S17_3Z","S20_4Z",0,0.207502121059132,0.374537164853912,0.00298524456897149,0.414975469517985
"CbMPDiCbraya","S17_3Z","S21_4D",0,0.202204727836557,0.344908745554232,0.0166640062292787,0.436222520379933
"CbMPDiCbraya","S17_3Z","S22_5B",0.0693161685035148,0.216769972640753,0.3211871129402,0.00112049386252715,0.391606252053005
"CbMPDiCbraya","S17_3Z","S23_5Z",0.00594201636775205,0.319722526235075,0.165317248022278,0.00410526886931928,0.504912940505575
"CbMPDiCbraya","S17_3Z","S24_5D",6.72272384084727e-05,0.20494848973877,0.36036921953647,0.0129668920181616,0.42164817146819
"CbMPDiCbraya","S17_3Z","S25_6B",0.136938446804806,0.0264091115478693,0.387864325348043,0.000288396013926278,0.448499720285355
"CbMPDiCbraya","S17_3Z","S26_6Z",0.000882533252500287,0.17679102107282,0.419749760900109,0.000327400426862256,0.402249284347708
"CbMPDiCbraya","S17_3Z","S27_6D",0,0.155217229798229,0.370979504451714,0.000511510680104604,0.473291755069952
"CbMPDiCbraya","S17_3Z","S28_7B",0.000510645746828047,0.286671126729776,0.442802921425913,0.00713207466240487,0.262883231435078
"CbMPDiCbraya","S17_3Z","S29_7Z",0.00124689506060478,0.12763046078057,0.624313552480202,0.00021073206936299,0.24659835960926
"CbMPDiCbraya","S17_3Z","S3_10D",0,0.36814796339698,0.1916866511464,0.00349509753719941,0.43667028791942
"CbMPDiCbraya","S17_3Z","S30_7D",0.0109826510880519,0.130766185284037,0.456370474086185,0.000851934008660706,0.401028755533065
"CbMPDiCbraya","S17_3Z","S31_8B",0,0.2166525268119,0.545549987469793,0.00228118395999323,0.235516301758314
"CbMPDiCbraya","S17_3Z","S32_8Z",0.00282424537453449,0.276756980632379,0.195127732180679,0.00154665474382317,0.523744387068584
"CbMPDiCbraya","S17_3Z","S33_8D",0,0.284348043594187,0.394919955077395,0.000207277612370466,0.320524723716048
"CbMPDiCbraya","S17_3Z","S34_9B",0,0.131028961693334,0.493775645180738,0.010447830247133,0.364747562878795
"CbMPDiCbraya","S17_3Z","S35_9Z",0.0118282792751549,0.294449397540442,0.468616486648952,0.0227020114363653,0.202403825099086
"CbMPDiCbraya","S17_3Z","S36_9D",0.0375687913685799,0.0977547799307058,0.496249734270086,0.0242415379180123,0.344185156512616
"CbMPDiCbraya","S17_3Z","S4_11B",0,0.308602714956818,0.27509059668477,0.00388449076376689,0.412422197594645
"CbMPDiCbraya","S17_3Z","S5_11Z",0,0.243381598948576,0.288206248118283,0.0164447621768259,0.451967390756315
"CbMPDiCbraya","S17_3Z","S6_11D",0,0.12237106335101,0.465698690505052,0.00323625942661804,0.408693986717321
"CbMPDiCbraya","S17_3Z","S7_12B",0.000935829083219972,0.136520773929497,0.398498984688962,0.0105122831947871,0.453532129103534
"CbMPDiCbraya","S17_3Z","S8_12Z",0.00113378411113939,0.119905295194983,0.454298039090202,0.00287065082808724,0.421792230775588
"CbMPDiCbraya","S17_3Z","S9_12D",0.000617313105340743,0.137032970516189,0.422632376252332,0.0100131051545534,0.429704234971585
"CbMPDiCbraya","S18_3D","S19_4B",0,0.131426553562364,0.475218527777547,0.0089160702706248,0.384438848389464
"CbMPDiCbraya","S18_3D","S2_10Z",0.00847928829580206,0.328499547420275,0.505913446561978,0.0044350990499454,0.152672618671999
"CbMPDiCbraya","S18_3D","S20_4Z",0,0.118770184834845,0.441329780455694,0.015968868517457,0.423931166192004
"CbMPDiCbraya","S18_3D","S21_4D",0,0.119260355747454,0.401163085278834,0.00937059955535162,0.47020595941836
"CbMPDiCbraya","S18_3D","S22_5B",0.0646640204014819,0.128478737309545,0.421404597397014,0.00495777944938496,0.380494865442575
"CbMPDiCbraya","S18_3D","S23_5Z",0.00245625720348683,0.228206345196901,0.2686056126438,0.00177128614237494,0.498960498813438
"CbMPDiCbraya","S18_3D","S24_5D",0,0.265690802973454,0.526955045418957,0.0019386709742794,0.20541548063331
"CbMPDiCbraya","S18_3D","S25_6B",0.00207268602295184,0.0233204876174196,0.379549144832573,0.00378520704141975,0.591272474485635
"CbMPDiCbraya","S18_3D","S26_6Z",0.0165172608752251,0.0290228258134769,0.75596564238942,0.000981772707311128,0.197512498214567
"CbMPDiCbraya","S18_3D","S27_6D",0.0160968731383549,0.0814857858679626,0.663392404479725,0.000586917589534878,0.238438018924422
"CbMPDiCbraya","S18_3D","S28_7B",0.000493439572443851,0.319152403256121,0.479892024844825,0.00522370142344577,0.195238430903164
"CbMPDiCbraya","S18_3D","S29_7Z",0.00335875876626101,0.195550585802243,0.599472329521169,0.000380103709819323,0.201238222200507
"CbMPDiCbraya","S18_3D","S3_10D",0.000301506245009177,0.273817427731983,0.542787098457791,0.0135682923058937,0.169525675259324
"CbMPDiCbraya","S18_3D","S30_7D",0.000907153333110062,0.151568197700804,0.637796811635368,0.000320877113068716,0.209406960217649
"CbMPDiCbraya","S18_3D","S31_8B",0.0023572179967895,0.118046122186165,0.734182832297974,0.00112692410446792,0.144286903414604
"CbMPDiCbraya","S18_3D","S32_8Z",0,0.181373144096107,0.664522229586518,0.000612622487729067,0.153492003829646
"CbMPDiCbraya","S18_3D","S33_8D",0.00018430485011855,0.246888031734277,0.567204981287665,0.000258521189074124,0.185464160938865
"CbMPDiCbraya","S18_3D","S34_9B",0.00195455152352264,0.129595101233115,0.706670032494752,0.00916823423832843,0.152612080510282
"CbMPDiCbraya","S18_3D","S35_9Z",0.0143805887453105,0.202323526791292,0.645587335292053,0.00683703294283624,0.130871516228509
"CbMPDiCbraya","S18_3D","S36_9D",0.0804033377882836,0.106469843845911,0.690310762728856,0.0126170166240055,0.110199039012944
"CbMPDiCbraya","S18_3D","S4_11B",0.000314243962068462,0.089577677827325,0.734847364748747,0.00690414445566228,0.168356569006197
"CbMPDiCbraya","S18_3D","S5_11Z",0.00144370706717895,0.129805062556683,0.680009132728901,0.0158565397725578,0.172885557874679
"CbMPDiCbraya","S18_3D","S6_11D",0,0.0418130358663561,0.743454574478828,0.00734026279319992,0.207392126861616
"CbMPDiCbraya","S18_3D","S7_12B",0,0.0894632461312449,0.396256568728011,0.00556063394046907,0.508719551200275
"CbMPDiCbraya","S18_3D","S8_12Z",0.00179180925242895,0.0690567409625744,0.424404242069786,0.00926395344712012,0.495483254268091
"CbMPDiCbraya","S18_3D","S9_12D",0,0.0882545671557858,0.393647867545401,0.010332544260944,0.507765021037869
"CbMPDiCbraya","S19_4B","S2_10Z",0.00774019238743565,0.324465612406898,0.351587812838193,0.00286394356304983,0.313342438804423
"CbMPDiCbraya","S19_4B","S20_4Z",0.000250090110452839,0.143570097406289,0.526829303092761,0.0107925930991271,0.31855791629137
"CbMPDiCbraya","S19_4B","S21_4D",0,0.131653046915224,0.379257020098853,0.0143853708866359,0.474704562099287
"CbMPDiCbraya","S19_4B","S22_5B",0.0886591215764571,0.0760935436065659,0.588185974455668,0.00795098135953459,0.239110379001775
"CbMPDiCbraya","S19_4B","S23_5Z",0.0229707112970711,0.212008164341462,0.35604287660981,0.000812225582630094,0.408166022169028
"CbMPDiCbraya","S19_4B","S24_5D",0.000585300633416036,0.0962698168350939,0.641466335662853,0.0136913587315114,0.247987188137125
"CbMPDiCbraya","S19_4B","S25_6B",0.0356198207806407,0.0893813907706059,0.585992213195446,0.000378430086664383,0.288628145166643
"CbMPDiCbraya","S19_4B","S26_6Z",0.0295187932500729,0.138406722243904,0.56807636321998,0.00025178061381861,0.263746340672224
"CbMPDiCbraya","S19_4B","S27_6D",0.0150156570729918,0.0627426864612395,0.578929179467195,0.00592367068954361,0.33738880630903
"CbMPDiCbraya","S19_4B","S28_7B",0.00653536143111601,0.131002671300166,0.587965654555132,0.00702327825074716,0.267473034462839
"CbMPDiCbraya","S19_4B","S29_7Z",0.000482521484733412,0.125976979713687,0.589144515753596,0.0017500680241498,0.282645915023834
"CbMPDiCbraya","S19_4B","S3_10D",0.000448037383692105,0.25688006932242,0.395455672612404,0.00244475206017224,0.344771468621311
"CbMPDiCbraya","S19_4B","S30_7D",0.0112767195499491,0.0606382698926529,0.645972370316761,0.00754927801847057,0.274563362222167
"CbMPDiCbraya","S19_4B","S31_8B",0,0.153274156691316,0.552310578667995,0.00326933079510467,0.291145933845584
"CbMPDiCbraya","S19_4B","S32_8Z",0.00248722591433857,0.131687073406288,0.527204873644344,0.00225492224873942,0.33636590478629
"CbMPDiCbraya","S19_4B","S33_8D",0.0367600283263727,0.150113654027769,0.41594044438786,0.00236262473857433,0.394823248519425
"CbMPDiCbraya","S19_4B","S34_9B",0.00548345784460535,0.176593457753707,0.581413397578857,0.0211205806995474,0.215389106123283
"CbMPDiCbraya","S19_4B","S35_9Z",0.00654687553274337,0.2301057797633,0.533524024909282,0.0256699131890437,0.204153406605631
"CbMPDiCbraya","S19_4B","S36_9D",0.00672615756158764,0.15927451048315,0.584119656532941,0.0217414388805075,0.228138236541813
"CbMPDiCbraya","S19_4B","S4_11B",0,0.095885707613482,0.585257866400886,0.00835727211449741,0.310499153871134
"CbMPDiCbraya","S19_4B","S5_11Z",0,0.126879465610144,0.53306398521803,0.0126452329558436,0.327411316215983
"CbMPDiCbraya","S19_4B","S6_11D",9.41422594142259e-05,0.0871848968455389,0.624863310762215,0.00465580048046357,0.283201849652368
"CbMPDiCbraya","S19_4B","S7_12B",0.0438219357710723,0.124398237653908,0.466246035455868,0.00751585625607225,0.35801793486308
"CbMPDiCbraya","S19_4B","S8_12Z",0.0458284630940108,0.132129488495242,0.476815568852206,0.00414278844110144,0.34108369111744
"CbMPDiCbraya","S19_4B","S9_12D",0.0424912066781079,0.136569127407689,0.463224164808059,0.00540850994393598,0.352306991162209
"CbMPDiCbraya","S2_10Z","S20_4Z",0.000155947851038613,0.314273689392185,0.401762831782689,0.00702763904866747,0.27677989192542
"CbMPDiCbraya","S2_10Z","S21_4D",0.000214008378894043,0.301967721562072,0.266059883818896,0.00490489377636499,0.426853492463773
"CbMPDiCbraya","S2_10Z","S22_5B",0.0721358196430081,0.250114618582234,0.455589339906786,0.00291702125356382,0.219243200614409
"CbMPDiCbraya","S2_10Z","S23_5Z",0.0134555201180787,0.394813225380423,0.265362560082161,0.00350063329862845,0.322868061120709
"CbMPDiCbraya","S2_10Z","S24_5D",0.000204486580463855,0.188901449777554,0.580989433605696,0.00330597391007357,0.226598656126213
"CbMPDiCbraya","S2_10Z","S25_6B",0.107067602851281,0.259734534558871,0.3728447565779,0.00229080221411107,0.258062303797837
"CbMPDiCbraya","S2_10Z","S26_6Z",5.07968759921265e-05,0.10846551294193,0.608418527531986,0.000183480014045895,0.282881682636047
"CbMPDiCbraya","S2_10Z","S27_6D",0.000153943041074802,0.207618107987226,0.4670502559328,0.00219935705840001,0.322978335980499
"CbMPDiCbraya","S2_10Z","S28_7B",0,0.276711642968683,0.393106456214909,0.00468127947648906,0.325500621339919
"CbMPDiCbraya","S2_10Z","S29_7Z",0.0032221757940619,0.175148074841019,0.627457581011253,0.0202259214899173,0.173946246863749
"CbMPDiCbraya","S2_10Z","S3_10D",8.22321510836164e-05,0.465128443143852,0.00239636155794259,0.074147015715611,0.458245947431511
"CbMPDiCbraya","S2_10Z","S30_7D",0.0121079689971247,0.114559429897217,0.62209689836954,0.00538761128339784,0.24584809145272
"CbMPDiCbraya","S2_10Z","S31_8B",0.00246491188266375,0.357659712895958,0.396611366180553,0.00230891127659623,0.240955097764228
"CbMPDiCbraya","S2_10Z","S32_8Z",0.00815452356619228,0.389947350938148,0.256074219523734,0.00506860477481174,0.340755301197114
"CbMPDiCbraya","S2_10Z","S33_8D",0.00410485511782494,0.456224601750025,0.166871113236944,0.000391958992742379,0.372407470902464
"CbMPDiCbraya","S2_10Z","S34_9B",0.00217599493198098,0.213269219176986,0.550390158577991,0.0335756926898049,0.200588934623238
"CbMPDiCbraya","S2_10Z","S35_9Z",0.0246808970938199,0.400245891751282,0.271257368799811,0.0319226818079891,0.271893160547099
"CbMPDiCbraya","S2_10Z","S36_9D",0.0028513104228715,0.187985739871363,0.504391317379853,0.042195228956191,0.262576403369722
"CbMPDiCbraya","S2_10Z","S4_11B",0,0.278919463637422,0.428000693386992,0.0130054113974675,0.280074431578118
"CbMPDiCbraya","S2_10Z","S5_11Z",0,0.317045860328875,0.348361539628021,0.0106272693232755,0.323965330719828
"CbMPDiCbraya","S2_10Z","S6_11D",0,0.0865955759244217,0.634612326608585,0.0771094138309617,0.201682683636032
"CbMPDiCbraya","S2_10Z","S7_12B",0.000252984822138711,0.210651115893504,0.389555891345312,0.00874849454747692,0.390791513391569
"CbMPDiCbraya","S2_10Z","S8_12Z",0.00335574286399168,0.220299762989515,0.435613035344061,0.00759097162093553,0.333140487181497
"CbMPDiCbraya","S2_10Z","S9_12D",0.000454654744882597,0.200509106249818,0.440808931812142,0.00829347355030984,0.349933833642847
"CbMPDiCbraya","S20_4Z","S21_4D",0,0.145768072130849,0.462084425831471,0.0134982024372673,0.378649299600413
"CbMPDiCbraya","S20_4Z","S22_5B",0.0644517516506674,0.101400339069131,0.547403547226932,0.00683053575482496,0.279913826298445
"CbMPDiCbraya","S20_4Z","S23_5Z",0.00241514131567864,0.225431015478645,0.403247043067101,0.000439853874319603,0.368466946264256
"CbMPDiCbraya","S20_4Z","S24_5D",0.000449959236073357,0.292004915695879,0.420802363127544,0.00607539291930995,0.280667369021194
"CbMPDiCbraya","S20_4Z","S25_6B",0.0122868426401142,0.0422413105970724,0.624751965617793,0.00035455483065543,0.320365326314365
"CbMPDiCbraya","S20_4Z","S26_6Z",0.0196992549108938,0.0928522035395374,0.636418617738427,0.00138727421728725,0.249642649593855
"CbMPDiCbraya","S20_4Z","S27_6D",0.0229507870019808,0.0317570197444595,0.616644389327181,0.00729700892087182,0.321350795005507
"CbMPDiCbraya","S20_4Z","S28_7B",0.000811298659568752,0.23886952064065,0.466795649716674,0.00565538326094548,0.287868147722161
"CbMPDiCbraya","S20_4Z","S29_7Z",0.0103449190156599,0.244408573789057,0.469320626818084,0.00487065110639571,0.271055229270804
"CbMPDiCbraya","S20_4Z","S3_10D",0.000584812563869553,0.253141396426032,0.447073303715551,0.0198663107882401,0.279334176506307
"CbMPDiCbraya","S20_4Z","S30_7D",0.0213530502418538,0.245675892749991,0.483718354166483,0.00462915206874243,0.244623550772929
"CbMPDiCbraya","S20_4Z","S31_8B",0,0.118694125967918,0.587551209606373,0.00700066939386355,0.286753995031845
"CbMPDiCbraya","S20_4Z","S32_8Z",0.00245533534005289,0.149878332595009,0.442180373882636,0.0190481908797653,0.386437767302537
"CbMPDiCbraya","S20_4Z","S33_8D",0.0217330332531068,0.200044414109127,0.40560055180712,0.00308789792787175,0.369534102902775
"CbMPDiCbraya","S20_4Z","S34_9B",0.000838292245206385,0.1355339042972,0.58850954661277,0.0286203985934567,0.246497858251367
"CbMPDiCbraya","S20_4Z","S35_9Z",0.000114179947597414,0.195503528819357,0.55695992241517,0.018410412477084,0.229011956340791
"CbMPDiCbraya","S20_4Z","S36_9D",0,0.118795028579391,0.664363946756797,0.0330245670390864,0.183816457624726
"CbMPDiCbraya","S20_4Z","S4_11B",0.000119406696967677,0.0840168725380972,0.598991815696147,0.00242512036810603,0.314446784700682
"CbMPDiCbraya","S20_4Z","S5_11Z",0.0720036600410491,0.0813813452119369,0.497147334148017,0.0116016050198584,0.337866055579139
"CbMPDiCbraya","S20_4Z","S6_11D",0,0.053587597879889,0.662276360151861,0.0124347151703325,0.271701326797918
"CbMPDiCbraya","S20_4Z","S7_12B",0,0.12891681121709,0.521312571868825,0.00451033414569373,0.345260282768391
"CbMPDiCbraya","S20_4Z","S8_12Z",0.000296478158139332,0.143582228889307,0.499939114003238,0.00947560523279158,0.346706573716524
"CbMPDiCbraya","S20_4Z","S9_12D",0,0.124589432469051,0.519267130063558,0.00950767847735662,0.346635758990035
"CbMPDiCbraya","S21_4D","S22_5B",0.0808824258678955,0.0713553899667776,0.423378201434079,0.0111145657429666,0.413269416988281
"CbMPDiCbraya","S21_4D","S23_5Z",0.0167054387935184,0.208106890065361,0.270838560486081,0.00517198203974056,0.499177128615299
"CbMPDiCbraya","S21_4D","S24_5D",0,0.244105440626423,0.547236570909655,0.00281660134409907,0.205841387119823
"CbMPDiCbraya","S21_4D","S25_6B",0.027736317151245,0.0223340715707229,0.492949741857507,0.00568061625420452,0.45129925316632
"CbMPDiCbraya","S21_4D","S26_6Z",0.0213696977411679,0.090219714850885,0.55356331874295,0.000588562092778318,0.334258706572219
"CbMPDiCbraya","S21_4D","S27_6D",0.024940838871809,0.0543097154285547,0.498378267636835,0.00677422562780602,0.415596952434995
"CbMPDiCbraya","S21_4D","S28_7B",0.0107385567477987,0.104222029481912,0.718177272158358,0.00180141933211609,0.165060722279816
"CbMPDiCbraya","S21_4D","S29_7Z",0.00370165085744141,0.0448812788934111,0.748969241370977,0.000709337115544995,0.201738491762625
"CbMPDiCbraya","S21_4D","S3_10D",0,0.251584329348101,0.350810797629709,0.0138705062727973,0.383734366749393
"CbMPDiCbraya","S21_4D","S30_7D",0.00313746764842008,0.0481424235475085,0.763727756470664,0.00363787579400926,0.181354476539398
"CbMPDiCbraya","S21_4D","S31_8B",0,0.106240092360876,0.692075846753394,0.0046031834905099,0.197080877395219
"CbMPDiCbraya","S21_4D","S32_8Z",0.000281505289364585,0.160949955350204,0.654289504715936,0.00109834846657294,0.183380686177923
"CbMPDiCbraya","S21_4D","S33_8D",0.0344516279018166,0.192864194289828,0.529518598159616,0.000411631622983764,0.242753948025756
"CbMPDiCbraya","S21_4D","S34_9B",0.000308501350934389,0.146795753704824,0.733977589346224,0.0115458100060691,0.107372345591949
"CbMPDiCbraya","S21_4D","S35_9Z",0.00870517563788986,0.175699967805125,0.690924946247293,0.024414346254041,0.100255564055652
"CbMPDiCbraya","S21_4D","S36_9D",0.00604529473604106,0.127621984784961,0.749132412451259,0.0183544128757778,0.0988458951519607
"CbMPDiCbraya","S21_4D","S4_11B",0,0.0659464257552144,0.511734787670947,0.00494364310027558,0.417375143473563
"CbMPDiCbraya","S21_4D","S5_11Z",0.0719078758351252,0.0934691428096227,0.69753768158344,0.00544024933521822,0.131645050436594
"CbMPDiCbraya","S21_4D","S6_11D",0,0.0550393955847125,0.627535394980127,0.00767636240154276,0.309748847033618
"CbMPDiCbraya","S21_4D","S7_12B",0.00022359988397799,0.0948795945055924,0.499003732066123,0.00523646239099584,0.400656611153311
"CbMPDiCbraya","S21_4D","S8_12Z",0.000198478456914698,0.105489147742102,0.469615961197644,0.0116615313559099,0.413034881247429
"CbMPDiCbraya","S21_4D","S9_12D",0,0.126236566582737,0.483584527684456,0.0126683777045123,0.377510528028295
"CbMPDiCbraya","S22_5B","S23_5Z",0.0656697594116699,0.238028684011888,0.320017789215385,0.00235034066919539,0.373933426691861
"CbMPDiCbraya","S22_5B","S24_5D",0.0652993636325971,0.555175239418341,0.234292393091986,0.0228483168493979,0.122384687007677
"CbMPDiCbraya","S22_5B","S25_6B",0.447343843511733,0.106675559973555,0.262601541158914,0.000983229226968745,0.182395826128829
"CbMPDiCbraya","S22_5B","S26_6Z",0.0712546405902145,0.449871040002909,0.331225823647114,0.0161203788232052,0.131528116936557
"CbMPDiCbraya","S22_5B","S27_6D",0.379104978139428,0.0897077737292818,0.313073962121757,0.0156152819870845,0.202498004022449
"CbMPDiCbraya","S22_5B","S28_7B",0.0844797638391152,0.339263102752255,0.397221793311082,0.02119645202765,0.157838888069898
"CbMPDiCbraya","S22_5B","S29_7Z",0.109665024736785,0.175234326648758,0.567694043639278,0.0182183510864737,0.129188253888705
"CbMPDiCbraya","S22_5B","S3_10D",0.0637718580080179,0.0778196663535478,0.627732058937941,0.00396315329500493,0.226713263405488
"CbMPDiCbraya","S22_5B","S30_7D",0.0947925322399248,0.185413663127973,0.592106171080409,0.0202766869505195,0.107410946601174
"CbMPDiCbraya","S22_5B","S31_8B",0.0747510574502517,0.274740535509188,0.469179561925481,0.00596149435549544,0.175367350759584
"CbMPDiCbraya","S22_5B","S32_8Z",0.075256219474748,0.233247377520929,0.413571619318023,0.0164466624080563,0.261478121278243
"CbMPDiCbraya","S22_5B","S33_8D",0.0803651916389352,0.266504283702326,0.368922217277476,0.0142586551819288,0.269949652199334
"CbMPDiCbraya","S22_5B","S34_9B",0.0832898317189329,0.151496021152619,0.578187132464318,0.0351641637540613,0.151862850910068
"CbMPDiCbraya","S22_5B","S35_9Z",0.109392169915032,0.168595221667237,0.420260689474139,0.0400052822400399,0.261746636703552
"CbMPDiCbraya","S22_5B","S36_9D",0.0797370260142813,0.154739915200531,0.504728442217734,0.0518898644709742,0.208904752096479
"CbMPDiCbraya","S22_5B","S4_11B",0,0.0440389115532883,0.681869517004938,0.0142725601043175,0.259819011337456
"CbMPDiCbraya","S22_5B","S5_11Z",0.0742377053541897,0.0453249400630434,0.475377528402033,0.0104180606662259,0.394641765514508
"CbMPDiCbraya","S22_5B","S6_11D",0.00291199309749784,0.0764082304983391,0.679434539948319,0.00754228058046383,0.23370295587538
"CbMPDiCbraya","S22_5B","S7_12B",0.0474998199768673,0.0429124562302057,0.568620329781988,0.0102174086820141,0.330749985328925
"CbMPDiCbraya","S22_5B","S8_12Z",0.0452606899631573,0.0387158165965281,0.615838389236565,0.00974139116756601,0.290443713036184
"CbMPDiCbraya","S22_5B","S9_12D",0.0418229638252921,0.0850179984912309,0.574680199160995,0.00662108503966206,0.29185775348282
"CbMPDiCbraya","S23_5Z","S24_5D",6.72272384084727e-05,0.315375818526958,0.334666156951747,0.00631509009106161,0.343575707191825
"CbMPDiCbraya","S23_5Z","S25_6B",0.0201277609354699,0.123280407622301,0.425654337690903,0.00343292904459664,0.427504564706729
"CbMPDiCbraya","S23_5Z","S26_6Z",0.0199514420557159,0.350891793579338,0.365470370835619,0.0033214469734321,0.260364946555895
"CbMPDiCbraya","S23_5Z","S27_6D",0,0.0749161367569876,0.472785699758824,0.00244876313260845,0.44984940035158
"CbMPDiCbraya","S23_5Z","S28_7B",0.00044209797916373,0.503869409277838,0.267878737830734,0.0122996806053616,0.215510074306902
"CbMPDiCbraya","S23_5Z","S29_7Z",0.000744407002987707,0.376545008636893,0.394060254893817,0.00666523832316451,0.221985091143137
"CbMPDiCbraya","S23_5Z","S3_10D",0.00683850033638879,0.361018523786575,0.29234065971606,0.00342388109194165,0.336378435069035
"CbMPDiCbraya","S23_5Z","S30_7D",0.0115648639949777,0.309060881696321,0.4397208387027,0.00583975890979279,0.233813656696208
"CbMPDiCbraya","S23_5Z","S31_8B",0,0.403822686706064,0.34375147526665,0.00399671062252651,0.248429127404759
"CbMPDiCbraya","S23_5Z","S32_8Z",0.00228117607299763,0.301854008255297,0.393877701306648,0.00379562246595804,0.298191491899099
"CbMPDiCbraya","S23_5Z","S33_8D",0,0.363821067457999,0.36327814372341,0.00449375732187134,0.268407031496719
"CbMPDiCbraya","S23_5Z","S34_9B",0.000838292245206385,0.31210497755343,0.399968748188564,0.00604071329134013,0.28104726872146
"CbMPDiCbraya","S23_5Z","S35_9Z",0.0064121054782337,0.234288140404644,0.404117886367521,0.0125707134365805,0.342611154313021
"CbMPDiCbraya","S23_5Z","S36_9D",0,0.195543758066131,0.547843258785769,0.00970702146007284,0.246905961688027
"CbMPDiCbraya","S23_5Z","S4_11B",0.0285747922703855,0.150120512568866,0.475533949920507,0.00203980687042921,0.343730938369812
"CbMPDiCbraya","S23_5Z","S5_11Z",0.0147688601871289,0.120248390467508,0.415696852778497,0.00161391492971385,0.447671981637153
"CbMPDiCbraya","S23_5Z","S6_11D",0.0232261456308878,0.136772647610383,0.495140974455702,0.000326708180163411,0.344533524122864
"CbMPDiCbraya","S23_5Z","S7_12B",0.0445111118349011,0.138281344064605,0.378163093540609,0.00466579351687247,0.434378657043012
"CbMPDiCbraya","S23_5Z","S8_12Z",0.0466840415975214,0.164178735460646,0.393844451496837,0.00491090063477817,0.390381870810218
"CbMPDiCbraya","S23_5Z","S9_12D",0.0428601629831973,0.127381024206147,0.409321252705072,0.00450626665685949,0.415931293448724
"CbMPDiCbraya","S24_5D","S25_6B",0.000698129014241832,0.456460878063431,0.359193480291546,0.00652640172623259,0.177121110904548
"CbMPDiCbraya","S24_5D","S26_6Z",0.0017183214757937,0.245110572312067,0.6360820896419,0.00406826376797848,0.11302075280226
"CbMPDiCbraya","S24_5D","S27_6D",0.000707566367622608,0.353079224019308,0.4766843214963,0.00984740714869274,0.159681480968076
"CbMPDiCbraya","S24_5D","S28_7B",6.72272384084727e-05,0.714271609403295,0.175830972349679,0.00930843549698867,0.100521755511628
"CbMPDiCbraya","S24_5D","S29_7Z",0.000823693346383185,0.448156886915745,0.43621428449659,0.00676694037293546,0.108038194868346
"CbMPDiCbraya","S24_5D","S3_10D",0,0.190195213208858,0.570927768913909,0.00404813246254993,0.234828885414682
"CbMPDiCbraya","S24_5D","S30_7D",0,0.474789772075911,0.441158768993805,0.0101842615590606,0.0738671973712225
"CbMPDiCbraya","S24_5D","S31_8B",0.00243548380468741,0.321543468202473,0.491492926151141,0.00616147991073324,0.178366641930965
"CbMPDiCbraya","S24_5D","S32_8Z",0,0.291515219052801,0.405201164274765,0.00418695181378032,0.299096664858653
"CbMPDiCbraya","S24_5D","S33_8D",6.72272384084727e-05,0.350840551441242,0.408701227909448,0.00470986334849867,0.235681130062403
"CbMPDiCbraya","S24_5D","S34_9B",0.00102963130836896,0.348674044712841,0.531309838884018,0.00393839999078804,0.115048085103983
"CbMPDiCbraya","S24_5D","S35_9Z",0.00215621752302741,0.375706100713822,0.48417309775897,0.00557600065984733,0.132388583344333
"CbMPDiCbraya","S24_5D","S36_9D",0.00147611583326835,0.413512312726568,0.505749321891554,0.00856243134331151,0.0706998182052989
"CbMPDiCbraya","S24_5D","S4_11B",6.72272384084727e-05,0.198179393728007,0.55756290849536,0.0167311303805235,0.227459340157701
"CbMPDiCbraya","S24_5D","S5_11Z",6.72272384084727e-05,0.218534028522838,0.503888204984182,0.00128795279615044,0.276222586458421
"CbMPDiCbraya","S24_5D","S6_11D",0.00011187956391274,0.197843024072599,0.570983338933447,0.00218055387230901,0.228881203557733
"CbMPDiCbraya","S24_5D","S7_12B",0,0.189566487261696,0.555820836012332,0.00709013365495426,0.247522543071018
"CbMPDiCbraya","S24_5D","S8_12Z",0.000668844886695184,0.0159939899642142,0.64817545843072,0.00772199250091561,0.327439714217455
"CbMPDiCbraya","S24_5D","S9_12D",0,0.0501402681549875,0.651800576257897,0.00612676614178851,0.291932389445327
"CbMPDiCbraya","S25_6B","S26_6Z",0.00019683789446949,0.640977161949706,0.00415768267946851,0.00679608319218489,0.347872234284171
"CbMPDiCbraya","S25_6B","S27_6D",0.000153943041074802,0.780864540035113,0.00093065565740676,0.00191945330329689,0.216131407963108
"CbMPDiCbraya","S25_6B","S28_7B",0.00117252072734728,0.0979141079444684,0.676577508621068,0.00790830098026227,0.216427561726854
"CbMPDiCbraya","S25_6B","S29_7Z",0.000620535480492958,0.0944399699790996,0.667460516393816,0.0102474593826324,0.227231518763959
"CbMPDiCbraya","S25_6B","S3_10D",0.102794133113576,0.0718065526097752,0.367097900057565,0.00299552126893991,0.455305892950144
"CbMPDiCbraya","S25_6B","S30_7D",0.0109826510880519,0.0707433946911614,0.616264160827398,0.0145323911213639,0.287477402272025
"CbMPDiCbraya","S25_6B","S31_8B",0.0184936218109055,0.178799836170042,0.513927492853892,0.00328658734405161,0.285492461821109
"CbMPDiCbraya","S25_6B","S32_8Z",0.00363298411625549,0.200890795000035,0.458266629178269,0.00341757003250052,0.33379202167294
"CbMPDiCbraya","S25_6B","S33_8D",0.0219810060622073,0.187791901190295,0.459352124354192,0.00759260144345688,0.323282366949849
"CbMPDiCbraya","S25_6B","S34_9B",0.00639442870154155,0.258355129964767,0.381985227011095,0.0296371539573928,0.323628060365203
"CbMPDiCbraya","S25_6B","S35_9Z",0.031207182519651,0.177133610329309,0.392511047355985,0.02952767785289,0.369620481942165
"CbMPDiCbraya","S25_6B","S36_9D",0.00501347233444055,0.230659964233302,0.422491314501799,0.0258567983441006,0.315978450586359
"CbMPDiCbraya","S25_6B","S4_11B",0.112599586398336,0.0126955362606865,0.560817129271207,0.000147697397571855,0.313740050672199
"CbMPDiCbraya","S25_6B","S5_11Z",0.0246794092050445,0.0731546161118336,0.456762808644528,0.0062696176458815,0.439133548392713
"CbMPDiCbraya","S25_6B","S6_11D",0.0739406142563011,0.0490969169281899,0.589215769099061,0.000807629079900605,0.286939070636547
"CbMPDiCbraya","S25_6B","S7_12B",0.00552548831147933,0.052621808047695,0.382641820607811,0.00806569508927311,0.551145187943742
"CbMPDiCbraya","S25_6B","S8_12Z",0.00500627081563305,0.0496696769222241,0.360092143058766,0.000565084603664793,0.584666824599712
"CbMPDiCbraya","S25_6B","S9_12D",0.000355710774802742,0.0598551479218189,0.465406295863017,0.000938379332612538,0.473444466107748
"CbMPDiCbraya","S26_6Z","S27_6D",8.13777256596277e-05,0.553763090449092,0.339217026813547,0.00305388225481596,0.103884622756886
"CbMPDiCbraya","S26_6Z","S28_7B",4.44472664931107e-05,0.114883135440018,0.802802131565137,0.010966019053826,0.0713042666745249
"CbMPDiCbraya","S26_6Z","S29_7Z",0.0010553392065923,0.198113863133753,0.748757814295614,0.0199944214094307,0.0320785619546102
"CbMPDiCbraya","S26_6Z","S3_10D",0,0.00918352217149167,0.719810817593035,0.00279985686963571,0.268205803365838
"CbMPDiCbraya","S26_6Z","S30_7D",0.00127780828531364,0.210815861129113,0.744827152196785,0.0141411262197761,0.0289380521690121
"CbMPDiCbraya","S26_6Z","S31_8B",9.76953252167388e-05,0.24299377608037,0.593382924218951,0.00490717888946378,0.158618425485998
"CbMPDiCbraya","S26_6Z","S32_8Z",0.00145340179524211,0.309559870265265,0.545395790974645,0.00953880737899597,0.134052129585852
"CbMPDiCbraya","S26_6Z","S33_8D",0.0035770099689708,0.179862947770089,0.623995149970918,0.0156821579290156,0.176882734361007
"CbMPDiCbraya","S26_6Z","S34_9B",0.0281258990519566,0.356353586326558,0.525714307528243,0.0286391474578984,0.0611670596353441
"CbMPDiCbraya","S26_6Z","S35_9Z",0.0268576861233882,0.285306070661222,0.590723730615324,0.0256112145535828,0.0715012980464832
"CbMPDiCbraya","S26_6Z","S36_9D",0.0261122942579497,0.309282736281601,0.548916942482022,0.0310798660293918,0.0846081609490357
"CbMPDiCbraya","S26_6Z","S4_11B",0.0936541295262942,0.0128539252540633,0.639301074645141,0.0118743661175266,0.242316504456975
"CbMPDiCbraya","S26_6Z","S5_11Z",0.000584241697497462,0.066166606641455,0.662020116470719,0.00421344827775104,0.267015586912577
"CbMPDiCbraya","S26_6Z","S6_11D",0.0613423617463536,0.0409345553522353,0.677123895070703,0.0118674014353697,0.208731786395338
"CbMPDiCbraya","S26_6Z","S7_12B",0.0015746645399181,0.0558304013444863,0.686543488429411,0.000751752875611424,0.255299692810573
"CbMPDiCbraya","S26_6Z","S8_12Z",0.122408824637233,0.0542149359332767,0.565067398265691,0.000542935918361418,0.257765905245437
"CbMPDiCbraya","S26_6Z","S9_12D",5.07968759921265e-05,0.0400121792425689,0.700314122790059,0.00858812951769904,0.251034771573681
"CbMPDiCbraya","S27_6D","S28_7B",0.00044209797916373,0.143144920229484,0.702433198503027,0.0142342798520725,0.139745503436253
"CbMPDiCbraya","S27_6D","S29_7Z",0.00408671552406134,0.111903643221044,0.749927313722467,0.0102917263272086,0.123790601205219
"CbMPDiCbraya","S27_6D","S3_10D",0.0001774398337626,0.00354726907955638,0.65292222241501,0.00300691963034276,0.340346149041328
"CbMPDiCbraya","S27_6D","S30_7D",0.000267053177142552,0.106527460687246,0.794799494617582,0.011326029634852,0.0870799618831775
"CbMPDiCbraya","S27_6D","S31_8B",6.08932711405034e-05,0.0943232330951005,0.715828951317027,0.00607951336769777,0.183707408949034
"CbMPDiCbraya","S27_6D","S32_8Z",0.00135180804325786,0.0793063211138356,0.704544442961439,0.00275344946920553,0.212043978412262
"CbMPDiCbraya","S27_6D","S33_8D",0.000271209837749086,0.163761905973751,0.615120371188437,0.00499882314963018,0.215847689850433
"CbMPDiCbraya","S27_6D","S34_9B",0.0281564799016241,0.0775592355589932,0.721088088464697,0.0263744153234192,0.146821780751267
"CbMPDiCbraya","S27_6D","S35_9Z",0.0505235161257203,0.116971517106061,0.583015066101464,0.0224310296457348,0.22705887102102
"CbMPDiCbraya","S27_6D","S36_9D",0.0261428751076172,0.149748414031717,0.618783480263365,0.028157563719127,0.177167666878174
"CbMPDiCbraya","S27_6D","S4_11B",0.00535272780290946,0.0193234655555636,0.657782283163631,0.0117092821029072,0.305832241374989
"CbMPDiCbraya","S27_6D","S5_11Z",0.0103861978565893,0.0462258051725426,0.59479430589492,0.00836157125531035,0.340232119820638
"CbMPDiCbraya","S27_6D","S6_11D",0.0107995762256298,0.0442712917292407,0.677241128480669,0.0129182510207778,0.254769752543682
"CbMPDiCbraya","S27_6D","S7_12B",0.0242951174756486,0.0142008064947305,0.624654790244248,0.00271618556075272,0.33413310022462
"CbMPDiCbraya","S27_6D","S8_12Z",0.000402391363046516,0.0136497168259422,0.631676767705807,0.00706464297614817,0.347206481129056
"CbMPDiCbraya","S27_6D","S9_12D",0.0186607307212858,0.024475637456128,0.633163229389544,0.00709596982165364,0.316604432611389
"CbMPDiCbraya","S28_7B","S29_7Z",0,0.161474053981754,0.756387608736868,0.0106032679594993,0.0715350693218792
"CbMPDiCbraya","S28_7B","S3_10D",0,0.274283995688284,0.482262822902036,0.00559822625371599,0.237854955155965
"CbMPDiCbraya","S28_7B","S30_7D",0.0123722513039123,0.309340026192561,0.552807835999732,0.0154047050313027,0.110075181472492
"CbMPDiCbraya","S28_7B","S31_8B",0.00121105607954098,0.195996971989749,0.71995615451039,0.00858148148840236,0.0742543359319177
"CbMPDiCbraya","S28_7B","S32_8Z",0.00343734579620112,0.425532618488272,0.494869143045339,0.0103478855408583,0.0658130071293296
"CbMPDiCbraya","S28_7B","S33_8D",0.000984152382084785,0.495007843989462,0.372350727486255,0.00306744594128749,0.128589830200911
"CbMPDiCbraya","S28_7B","S34_9B",0.000718191194042598,0.485651034832011,0.380348291927248,0.00706584535717793,0.126216636689521
"CbMPDiCbraya","S28_7B","S35_9Z",0.000956482723357349,0.51708556108187,0.394999490017801,0.00888404651789372,0.0780744196590772
"CbMPDiCbraya","S28_7B","S36_9D",0.0317246546744805,0.540568008126695,0.32893827611666,0.0127300566238441,0.08603900445832
"CbMPDiCbraya","S28_7B","S4_11B",0.0297675450527153,0.0169559729717547,0.723847769017859,0.0105372048758646,0.218891508081806
"CbMPDiCbraya","S28_7B","S5_11Z",0.0328656458735247,0.302623789340143,0.422948127219679,0.00240797615619471,0.239154461410458
"CbMPDiCbraya","S28_7B","S6_11D",0.030672451241812,0.0151685463817536,0.742322759738412,0.00451191470082638,0.207324327937196
"CbMPDiCbraya","S28_7B","S7_12B",0.00587075389213706,0.346818947494486,0.400372058188561,0.00278288564987755,0.244155354774939
"CbMPDiCbraya","S28_7B","S8_12Z",0.00202926901747693,0.0856565787807886,0.654815540826728,0.00847103858259316,0.249027572792413
"CbMPDiCbraya","S28_7B","S9_12D",0.00161581641658262,0.0625306040753279,0.717955627410756,0.00267669581315881,0.215221256284175
"CbMPDiCbraya","S29_7Z","S3_10D",0.00666421810687167,0.0886806307685766,0.678202688849608,0.0048950674209557,0.221557394853988
"CbMPDiCbraya","S29_7Z","S30_7D",0.0109826510880519,0.146467634221019,0.456516093447872,0.015280265178397,0.37075335606466
"CbMPDiCbraya","S29_7Z","S31_8B",0.00167963023199271,0.279941208053615,0.583885713861804,0.0057055086454895,0.128787939207099
"CbMPDiCbraya","S29_7Z","S32_8Z",0.00515709779069659,0.379975339866496,0.419476898852144,0.00721242392575941,0.188178239564905
"CbMPDiCbraya","S29_7Z","S33_8D",0.00201758393662244,0.385434360266936,0.445659505868103,0.00253109599933504,0.164357453929003
"CbMPDiCbraya","S29_7Z","S34_9B",0,0.217477007371859,0.685401770507442,0.000987795476286401,0.0961334266444119
"CbMPDiCbraya","S29_7Z","S35_9Z",0,0.252393681533005,0.600449313327012,0.00109227915333702,0.146064725986646
"CbMPDiCbraya","S29_7Z","S36_9D",0,0.252850310198334,0.629946174793148,0.00136222073462126,0.115841294273897
"CbMPDiCbraya","S29_7Z","S4_11B",0.00607518703597152,0.0160540518825978,0.74449284010106,0.00725423084734396,0.226123690133027
"CbMPDiCbraya","S29_7Z","S5_11Z",0.00698815083534588,0.0394016428926425,0.68192440695141,0.0110749297749058,0.260610869545696
"CbMPDiCbraya","S29_7Z","S6_11D",0.00388885763631186,0.045342346286576,0.73481810822964,0.013636987479686,0.202313700367786
"CbMPDiCbraya","S29_7Z","S7_12B",0.0121339914756125,0.145855375418686,0.631632031034927,0.00278350128246414,0.207595100788311
"CbMPDiCbraya","S29_7Z","S8_12Z",0.0082426062893482,0.0469052935944866,0.680966333569761,0.00217159245520153,0.261714174091203
"CbMPDiCbraya","S29_7Z","S9_12D",0.00130617562361261,0.0243329776787092,0.706285666578876,0.00155255382849908,0.266522626290303
"CbMPDiCbraya","S3_10D","S30_7D",0.00180698651830419,0.0131320284704334,0.791505030545437,0.00420915952385959,0.189346794941966
"CbMPDiCbraya","S3_10D","S31_8B",0.000664394697348674,0.264059388258123,0.49509184552743,0.00834025117630598,0.231844120340793
"CbMPDiCbraya","S3_10D","S32_8Z",0.00932722050754913,0.338196424156361,0.386039334262557,0.00368049171496841,0.262756529358564
"CbMPDiCbraya","S3_10D","S33_8D",0.00999249230791826,0.391365961067194,0.244195641471844,0.00297641612808193,0.351469489024961
"CbMPDiCbraya","S3_10D","S34_9B",0.00324391247361052,0.217702054101513,0.54296937178758,0.0296937463396122,0.206390915297684
"CbMPDiCbraya","S3_10D","S35_9Z",0.00208474532036742,0.186517068877948,0.533060554807765,0.0268444507958062,0.251493180198114
"CbMPDiCbraya","S3_10D","S36_9D",0.00865953798046521,0.19269798119629,0.566884293213028,0.0439984720832151,0.187759715527002
"CbMPDiCbraya","S3_10D","S4_11B",0,0.224699280458984,0.499896402568955,0.00284183340408679,0.272562483567975
"CbMPDiCbraya","S3_10D","S5_11Z",0.000863995861281666,0.114381536827081,0.58110733421621,0.00724007720856221,0.296407055886866
"CbMPDiCbraya","S3_10D","S6_11D",0.00115699290691725,0.112857790506457,0.631749109616061,0.00579528760300635,0.248440819367558
"CbMPDiCbraya","S3_10D","S7_12B",0,0.0803245968184351,0.502791250890568,0.00675523218285,0.410128920108147
"CbMPDiCbraya","S3_10D","S8_12Z",0.00435456743586453,0.125260372965007,0.468371620824053,0.0066353413173303,0.395378097457744
"CbMPDiCbraya","S3_10D","S9_12D",6.66132502396456e-05,0.16090171596764,0.445865992550543,0.00804828721485735,0.38511739101672
"CbMPDiCbraya","S30_7D","S31_8B",0,0.098363009653232,0.769214574928475,0.0074556970487586,0.124966718369534
"CbMPDiCbraya","S30_7D","S32_8Z",0.00652780851432793,0.16745190411575,0.638948263068898,0.0116177665284807,0.175454257772543
"CbMPDiCbraya","S30_7D","S33_8D",0.0112877165257099,0.220952292564266,0.540264460841785,0.00300034053590378,0.224495189532335
"CbMPDiCbraya","S30_7D","S34_9B",0.00171287351728016,0.269934815503875,0.609204557843893,0.00768627867411941,0.111461474460833
"CbMPDiCbraya","S30_7D","S35_9Z",0.00156764406893679,0.280968081290525,0.622794171379434,0.0130399558237159,0.0816301474373879
"CbMPDiCbraya","S30_7D","S36_9D",0.0310301223026494,0.22175165540515,0.637077893372925,0.0175249452330899,0.0926153836861858
"CbMPDiCbraya","S30_7D","S4_11B",0.124146809139847,0.0108623065675266,0.648602582780697,0.017048507069217,0.199339794442713
"CbMPDiCbraya","S30_7D","S5_11Z",0.0120416744279777,0.0379100506216797,0.694046428274389,0.000336756947872842,0.25566508972808
"CbMPDiCbraya","S30_7D","S6_11D",0.0720563416088429,0.0187512372712871,0.717279300665698,0.00378761478017833,0.188125505673994
"CbMPDiCbraya","S30_7D","S7_12B",0.00480536938957906,0.0619036877527444,0.677937616154205,0.000813185928574711,0.254540140774896
"CbMPDiCbraya","S30_7D","S8_12Z",0.00351430777769597,0.0208062581223884,0.699064010253721,0.00363120583058014,0.272984218015614
"CbMPDiCbraya","S30_7D","S9_12D",0.00280162296842405,0.022315546330839,0.713757422180757,0.00390014586355013,0.25722526265643
"CbMPDiCbraya","S31_8B","S32_8Z",0.000410846768563266,0.24657234640665,0.14933216581482,0.00764280884007918,0.596041832169887
"CbMPDiCbraya","S31_8B","S33_8D",0.000311110876015752,0.293701336798164,0.453016455219992,0.019617899928027,0.233353197177801
"CbMPDiCbraya","S31_8B","S34_9B",0.00083516405765932,0.227441738869104,0.601522838760695,0.00658544610101405,0.163614812211528
"CbMPDiCbraya","S31_8B","S35_9Z",0,0.362461670871432,0.497765289251438,0.00806893825749922,0.13170410161963
"CbMPDiCbraya","S31_8B","S36_9D",0,0.270591753072596,0.589092315778907,0.00909315157781331,0.131222779570683
"CbMPDiCbraya","S31_8B","S4_11B",0,0.0512270260549991,0.675168748921409,0.00959698399154888,0.264007241032043
"CbMPDiCbraya","S31_8B","S5_11Z",0,0.133239330217851,0.573224646800639,0.00281847612594282,0.290717546855568
"CbMPDiCbraya","S31_8B","S6_11D",0.000664394697348674,0.0250253245331323,0.714517137325493,0.0128053200996529,0.246987823344373
"CbMPDiCbraya","S31_8B","S7_12B",0.0235898212996662,0.0246915620998409,0.609210921081668,0.00235205936894642,0.340155636149878
"CbMPDiCbraya","S31_8B","S8_12Z",0.021965934401833,0.069562568734127,0.550607581618207,0.00313425053628746,0.354729664709546
"CbMPDiCbraya","S31_8B","S9_12D",0.02140687900972,0.0169180020204557,0.791877546235499,0.00457525145101762,0.165222321283308
"CbMPDiCbraya","S32_8Z","S33_8D",0.00301500236711715,0.287694823366611,0.247468744777388,0.0149675394779484,0.446853890010936
"CbMPDiCbraya","S32_8Z","S34_9B",0.000128142071134863,0.252011854181635,0.549467799554706,0.00947771522989499,0.18891448896263
"CbMPDiCbraya","S32_8Z","S35_9Z",0.000114179947597414,0.213149510755579,0.600955914903097,0.0117747834866222,0.174005610907104
"CbMPDiCbraya","S32_8Z","S36_9D",0.00629322481068493,0.230752792983887,0.581506153780925,0.00341447589889699,0.178033352525606
"CbMPDiCbraya","S32_8Z","S4_11B",0.115834432154159,0.0914534870932498,0.496763773105588,0.000837579338971202,0.295110728308032
"CbMPDiCbraya","S32_8Z","S5_11Z",0.00438935577772709,0.196202298442325,0.475184403614431,0.000667216490559307,0.323556725674958
"CbMPDiCbraya","S32_8Z","S6_11D",0.0732405624995058,0.0376402176669841,0.615781587750998,0.00379820092485799,0.269539431157654
"CbMPDiCbraya","S32_8Z","S7_12B",0.000737736981836026,0.0405663722918922,0.630685677223268,0.00067062111641064,0.327339592386593
"CbMPDiCbraya","S32_8Z","S8_12Z",0.000320612963525217,0.0756045283079237,0.576236253697258,0.00621440623356012,0.341624198797733
"CbMPDiCbraya","S32_8Z","S9_12D",0.000563523200504907,0.0638646950213525,0.609638508445585,0.0014496231751967,0.324483650157361
"CbMPDiCbraya","S33_8D","S34_9B",0.000838292245206385,0.267919161657905,0.493163619919547,0.00165757532303351,0.236421350854308
"CbMPDiCbraya","S33_8D","S35_9Z",0.00273095932678827,0.311833053718941,0.410503139305377,0.00214811818338732,0.272784729465506
"CbMPDiCbraya","S33_8D","S36_9D",0.0203189225323508,0.289432641305798,0.497214624592648,0.00218289443785207,0.190850917131352
"CbMPDiCbraya","S33_8D","S4_11B",0.0968304158981679,0.102984906442551,0.388007334421744,0.010103051664805,0.402074291572732
"CbMPDiCbraya","S33_8D","S5_11Z",0.000964316397821268,0.259129995144108,0.500865954254931,0.00846798623275556,0.230571747970384
"CbMPDiCbraya","S33_8D","S6_11D",0.0609789835786864,0.0809457878240135,0.535574959375957,0.00743140616107023,0.315068863060273
"CbMPDiCbraya","S33_8D","S7_12B",0,0.139614121006789,0.716376373498312,3.44241979161886e-05,0.143975081296983
"CbMPDiCbraya","S33_8D","S8_12Z",0.0604653691566158,0.113142108765961,0.605182489895558,0.0021248119176851,0.21908522026418
"CbMPDiCbraya","S33_8D","S9_12D",0.000760051688637387,0.165399133190413,0.612203628869338,4.31164575518475e-05,0.22159406979406
"CbMPDiCbraya","S34_9B","S35_9Z",0.00707436909801925,0.433883352586459,0.13937475066826,0.0141281077794132,0.405539419867848
"CbMPDiCbraya","S34_9B","S36_9D",0.0316882361625877,0.460651044870154,0.100721829360672,0.0108917379679087,0.396047151638678
"CbMPDiCbraya","S34_9B","S4_11B",0.0033136633713627,0.159661918932816,0.616505960267113,0.0211336901072081,0.199384767321501
"CbMPDiCbraya","S34_9B","S5_11Z",0.00161589240074283,0.157300782604596,0.600832001537681,0.00749637478080674,0.232754948676174
"CbMPDiCbraya","S34_9B","S6_11D",0.00261694880924041,0.160864059951212,0.658511103230314,0.0233218745299469,0.154686013479286
"CbMPDiCbraya","S34_9B","S7_12B",0.00413018407274681,0.191296942099399,0.579741449919513,0.00467375983545647,0.220157664072885
"CbMPDiCbraya","S34_9B","S8_12Z",0.00975438057119962,0.184128873724623,0.571453316349066,0.016272192644561,0.21839123671055
"CbMPDiCbraya","S34_9B","S9_12D",0,0.172012780578148,0.606982183409835,0.00920867317171711,0.211796362840299
"CbMPDiCbraya","S35_9Z","S36_9D",0,0.434018707980189,0.123032382378666,0.146943289434525,0.296005620206621
"CbMPDiCbraya","S35_9Z","S4_11B",0.0322060664207995,0.146031114672204,0.507274877628332,0.0410321736264266,0.273455767652238
"CbMPDiCbraya","S35_9Z","S5_11Z",0.00929002788100648,0.148843275290366,0.579624132131016,0.0149339966143611,0.24730856808325
"CbMPDiCbraya","S35_9Z","S6_11D",0.0269846365015354,0.103061143948713,0.682713093021833,0.03213518776515,0.155105938762769
"CbMPDiCbraya","S35_9Z","S7_12B",0.0296560908242181,0.113141564697555,0.627189934974551,0.00802471653603952,0.221987692967637
"CbMPDiCbraya","S35_9Z","S8_12Z",0.00517528940335882,0.144154482093678,0.672231723497449,0.022508985604877,0.155929519400637
"CbMPDiCbraya","S35_9Z","S9_12D",0.00282897145863075,0.15053879590214,0.630642492490555,0.0121162873526862,0.203873452795988
"CbMPDiCbraya","S36_9D","S4_11B",0.000569982338702533,0.124915912406995,0.63557445706913,0.0346834776944275,0.204256170490745
"CbMPDiCbraya","S36_9D","S5_11Z",0.0363908283015119,0.127154503225294,0.633391482470569,0.0124416505606539,0.190621535441972
"CbMPDiCbraya","S36_9D","S6_11D",0.00123860974887977,0.119660571859755,0.73771640798867,0.0479057257612263,0.0934786846414683
"CbMPDiCbraya","S36_9D","S7_12B",0.00519008023900243,0.158636420337318,0.648458907937574,0.0105748124814399,0.177139779004666
"CbMPDiCbraya","S36_9D","S8_12Z",0.00262610861230558,0.15036063615912,0.638459654286792,0.0234163778572919,0.185137223084491
"CbMPDiCbraya","S36_9D","S9_12D",0,0.138866878884202,0.798577611144763,0.0140053695706999,0.0485501404003351
"CbMPDiCbraya","S4_11B","S5_11Z",0.000130247643151647,0.200341648100752,0.109353961683185,0.0803042856764017,0.60986985689651
"CbMPDiCbraya","S4_11B","S6_11D",0,0.222099236439427,0.0398996602821051,0.0875841570023418,0.650416946276127
"CbMPDiCbraya","S4_11B","S7_12B",0.00610076750136716,0.225257273528862,0.458713209295435,0.00912282739753899,0.300805922276798
"CbMPDiCbraya","S4_11B","S8_12Z",0.00659259578275291,0.19009096476055,0.515513822001713,0.0123051982471866,0.275497419207797
"CbMPDiCbraya","S4_11B","S9_12D",7.93509672989307e-05,0.223507346687849,0.484033603002888,0.00996749214701014,0.282412207194954
"CbMPDiCbraya","S5_11Z","S6_11D",0,0.125966595915819,0.452240821066119,0.0443837902169214,0.377408792801141
"CbMPDiCbraya","S5_11Z","S7_12B",0,0.183680737844467,0.480204268998129,0.00205309058597223,0.334061902571432
"CbMPDiCbraya","S5_11Z","S8_12Z",0.00458391435215506,0.139762032732604,0.510348775334705,0.0142388818191956,0.33106639576134
"CbMPDiCbraya","S5_11Z","S9_12D",0,0.156366680336526,0.488783704611514,0.00539169118002184,0.349457923871938
"CbMPDiCbraya","S6_11D","S7_12B",0.00590119285164573,0.251191078017943,0.476574368519974,0.00762896240911029,0.258704398201327
"CbMPDiCbraya","S6_11D","S8_12Z",0.00639302113303148,0.225550678773767,0.507219039695049,0.012751174892447,0.248086085505706
"CbMPDiCbraya","S6_11D","S9_12D",0,0.23876027610455,0.492630424586991,0.0103482055722757,0.258261093736183
"CbMPDiCbraya","S7_12B","S8_12Z",0,0.396370659286202,0.120300697284029,0.0204624270877912,0.462866216341978
"CbMPDiCbraya","S7_12B","S9_12D",0.000943704612381018,0.232561929007869,0.153530925785308,0.0107896495906872,0.602173791003755
"CbMPDiCbraya","S8_12Z","S9_12D",0.000665232737578649,0.178922666062757,0.0469499895929859,0.0444314011985605,0.729030710408118
