"Method","GroupBasedOn","Group","Process","bin1","bin2","bin3","bin4","bin5","bin6","bin7","bin8","bin9","bin10","bin11","bin12","bin13","bin14","bin15","bin16","bin17","bin18","bin19","bin20","bin21","bin22","bin23","bin24","bin25","bin26","bin27","bin28","bin29","bin30","bin31","bin32","bin33","bin34","bin35","bin36","bin37","bin38","bin39","bin40","bin41","bin42","bin43","bin44","bin45","bin46","bin47","bin48","bin49","bin50","bin51","bin52","bin53","bin54","bin55","bin56","bin57","bin58","bin59","bin60","bin61","bin62","bin63","bin64","bin65","bin66","bin67","bin68","bin69","bin70","bin71","bin72","bin73","bin74","bin75","bin76","bin77","bin78"
"CbMPDiCbraya","Management","Pre","HeS",0,0,3.48708548439331e-05,0,0,0,0,0,0,0.00188336961262861,7.36887807411221e-06,7.44637677921865e-06,4.97751293759584e-05,0,8.04438995546417e-05,0,0,0,0,0,0,0,0,0,0,0,0,0,0,0,0,0,0,0,0,0.000426935795606457,0,0,0,0,0,0,0,0.000146484876835132,0,0,0,0,0,0,0,0,0,0,0,3.05377619774381e-05,0,3.23376261290289e-05,4.93392285024261e-06,0,0,0.000304184604624877,4.87755607740077e-07,0,0,0,0,0,0,0,0,5.80613582879335e-06,0,0,0,0,0.0046653077368124,0
"CbMPDiCbraya","Management","Pre","HoS",0.000148211220857365,0,0.000632944390181096,0.00026201263073457,0.000235101709152342,4.05979706156077e-05,0,0.0399896623001975,0,0,9.05019733861837e-07,4.42856003589088e-05,9.92765024142197e-06,5.11069043052842e-05,0,0,0.00675094375924369,0.000313375401305511,0,3.55232575842155e-06,0,7.85227792559326e-06,2.87303312456278e-05,0,0.000347463651440347,0.000233716057626993,0.000415100282107207,0,0.000200918635483765,0.000789842245854726,0.00320743090278414,0,3.91084922464756e-05,0,0.00528265907039786,0.000892826277697188,0.0532192255667459,0,0.00372238914671039,0.040174121404902,2.04664681502243e-06,1.62703689324346e-06,0.000514976646803326,0.00104013119158447,2.66998972476983e-06,0.00264750312906369,3.70549420226361e-05,0,3.63565999393182e-05,0.0329007218578505,9.15076344010053e-06,0.000307102810307006,1.5357686653343e-05,8.229932785109e-05,2.5204178200544e-06,0.000143050634768177,0.00103329613384877,3.99574343737789e-05,3.22941893963948e-05,0,1.22616008709199e-06,1.82096139998402e-05,0,0.000167386326193329,0,7.29245476586689e-06,0,0.0048261715846682,0.000111486859266933,0.000350054735604788,0,0,0.028259999697402,0,0,0,0.0182197890361961,2.45746073633899e-05
"CbMPDiCbraya","Management","Pre","DL",0.000214367924785242,0,0.000736865434779746,0.000241857744735186,0.00469820380082072,0.000560365234150138,0.00487391695673673,0.0420459569391406,0,0.0032448821852851,0,0,0,0,0,0.0322635768022457,0.000711456586472944,0.0019887782600839,6.61132300636207e-05,0.000726978288140528,0,0,0,0,0.00349487102476299,0.00478768510807873,0.0069932667366029,0.00645256839980744,0.000117537746192401,0.00223486600238405,0,0,0,0.000104183811416717,0.00045757087103343,0.00409370787039486,0,0.00103691978539609,0.00208549142502057,0.027829567020647,0,0,0.00126855609650963,0.00171498718347626,0,0,0.0714798406080027,0.0477274192972945,0,0.00708238979478211,0.0121023556745112,0.00767007013884884,1.64980609545347e-05,0,0,0,0.00685399668424189,0.000105709188879262,0,0,0,0,0,0.000287513277575239,0,0,0,0.00535697266670015,0.000624142145577427,0,7.20976666529474e-05,0.000811325059581174,0.00385619210332891,0,0.00018791990397002,0.00019391118398663,0.00815135169617729,0.000179166514890546
"CbMPDiCbraya","Management","Pre","HD",0,0.000735319072121713,0,0,0,0,0,0.000926112229493693,0.0001730005110919,4.33719793257082e-06,2.97643629196678e-05,0.000182530503556897,0,1.00277937585475e-05,0.000393334218532362,0.000372431728977288,0.00013618609878324,0,0.000178193792390262,0,0.00293149357709761,3.3831673889729e-07,3.72524038457333e-06,0.000373707497216068,0,2.13587135574901e-06,8.49862226916014e-06,0.00109450278366054,8.03715287598456e-07,6.3060675010804e-05,0.000382259118178652,0.00118670831809728,0.000471646508754894,4.71607134943733e-05,0,0,0,0.000851680753826709,1.79606443323206e-05,2.13110701900631e-05,1.94338302587645e-06,9.16846185395524e-06,9.43309588686777e-06,0.000106290040677456,0.00012359287948775,0.000815626612343116,0.000240834542091319,0.000630160442413145,1.0134489733511e-05,0,2.94004201377201e-05,0,6.24503240719927e-06,1.93325566978227e-05,0,6.59707090058187e-05,0,0,1.77253058069709e-05,3.86370019329e-06,7.86715707377002e-07,0.000236622360128936,3.52812088753409e-07,0,0.00104604209867406,0.000321690621924849,0.0010006864474718,6.34414942622733e-05,2.84228490527228e-06,0.00167213707435286,0,3.61239717580746e-06,0,6.51785248839653e-05,5.09880051582791e-06,2.09208390421319e-05,0,3.10265699134111e-07
"CbMPDiCbraya","Management","Pre","DR",0.00128188141590206,0.00932174791936072,0.000476363064521951,0.00116377262813584,0.0010602320179268,0.000389291277333632,0.00311234965649004,0.0112966847237026,0.000416971494348601,0.00230778529093809,5.05448100722838e-06,0.000201990490852055,0.000274743628893366,0.000154023784588097,0.00309093384737667,0.0131797273527639,0.00280053396049199,0.00175721883400608,0.00233696874366516,0.000284898764011866,0.00473262652196686,7.67849752555167e-05,0.000107175704676049,0.00121289300490213,0.000789231885393946,0.00439581733855762,0.00106266593187635,0.158263016633073,0.000458037794636873,0.00065360199294018,0.00130588071113602,0.00691844339688964,0.00268060635061259,0.00261372842337178,0.00224667377980738,0.00026923293148866,0.0141197145959037,0.0323010989518113,0.000151573207581592,0.00995263083587963,0.000349814451801455,0.000933932709843512,0.000218564550926913,0.000176879778820383,0.000126970931606871,0.00467513154480258,0.0136892632583873,0.0135520650285374,0.000274607957861677,0.00462539644981776,0.00123881857818381,0.0181566859609246,0.00013364803743163,0.000174615752294306,4.17982948749863e-05,0.000256740886585915,0.00459961007765605,0.000441886957754301,3.75353567124128e-05,4.39692426790136e-05,2.11162953975025e-05,0.00202359925097332,9.74034120242549e-05,6.07974441573108e-05,0.0029042667740879,0,0.00396615912247629,0.00106771025487795,8.31953048473408e-05,0.0129334333438081,0.00110376515800391,9.36476832309943e-05,0.00970215403826968,0.000708460418475146,0.000104978864724868,0.000546354251444807,0.000996840752843169,0.000123317291524743
"CbMPDiCbraya","Management","In","HeS",0,0,1.9855781416508e-05,0,0,0,0.000373214756306706,0,0,0,8.5162614008341e-06,0,1.85430128844654e-05,2.42723832983811e-06,0,0,0.00119945478276289,0,0,2.83940436840243e-05,0,0,0,0,0,0,0,0,0,0,0,0.00780008002798992,0,0,0,1.12880473136889e-05,0,0,0,0,0,0,0,0.00118034557117737,0,0,0,3.65930502375552e-05,0,0.000427413922652306,6.24880120821e-06,0,1.24901482626552e-06,0,0,0,0,0,0,0,0,0,2.85279573982503e-06,5.79896966158916e-06,0,2.91442547347756e-06,0,0,0,0,8.22177483726256e-05,1.02639605658339e-05,0,0,0,9.39234324141578e-06,0,9.38964086720583e-06
"CbMPDiCbraya","Management","In","HoS",0.00113855609261381,0,0.000123538644171783,5.00684729479357e-05,9.66216590133981e-05,2.19576429229272e-06,0.00014285172727383,0,0,1.83205944623874e-05,7.78043416815588e-06,1.26155742864747e-05,1.76073388785174e-05,3.26499364515575e-05,0.000139960919660655,0.000794954425153877,0.00294104106439959,2.39406793663237e-05,0,0,0.00781137698712116,5.18315372266079e-07,4.93768752714276e-06,0,0,3.15559352517294e-05,0,0.0367619001096405,6.82150059441524e-07,0.000196750714589173,0.00757201821147735,0.000432710205457219,0.000484577423961042,0.000439781121331505,0.00182845549511794,2.13108198686742e-05,0.0268332781977321,0,1.01884650494517e-05,0.0327794787124043,0.00141612662616126,0.000594240115762741,0.000122572239707336,0,0.000214305581744056,0.0437376103514199,0.0021277826782273,0.000107095886804923,6.34579415922008e-07,0.000847395522717366,0.000154480076711575,0.00133626192725089,1.44355524194911e-06,8.12057088858301e-05,2.92529295132593e-06,3.63352859445835e-05,0.0115818700022926,9.00349884635827e-06,2.61615947823813e-05,0,6.46601754043038e-07,6.01791453135455e-06,0.00101849843888206,1.2513380216418e-05,0,4.83368101196322e-05,0.00244866992674962,0.00188841296831388,4.04464120771574e-07,0.0061647828125334,0.000420560401537745,1.35219431455909e-05,0,0,0,8.58819155742728e-05,0.000178517425513597,4.09958128092305e-05
"CbMPDiCbraya","Management","In","DL",0.00560218413183515,0.0059950789967398,0.000135254533520102,0.000219607083582958,0.00189839478277173,0.000790150593244497,0.00123629832316284,0.0568720390528093,0,0.0016152773399207,0,0,0,0,0.0683351239280667,0.0071733206500637,0.00506178808963449,0.00675494460412127,0.0060599522057589,0.000588462813380716,0.000626091276461544,0,0.00015855939046557,0,0,0.00618850712266523,0,0.0246856750323384,0,0,0,0.00297656631073938,0,0.00334312733990772,0.000963498180920647,0,0.0366256066729972,0,0,0.00421885132596126,0.00192988477217665,0.00259704660527848,0.000116781340437187,0.00148888235399849,0.000159844773306852,0.005485737092031,0.0661059521098301,0,0,0,0,0,1.9832194056348e-05,0,4.04475592997146e-06,0,0,0,0.000171983866104383,0,0,0,0.000203728483545564,7.39957645828774e-05,0.0259135305252931,0.00365356262115412,0.00776174168236199,0,0,0.0421421437976323,7.4194094307358e-05,0.000117846786706491,0.0126410626823744,0.0010204180248574,0,0.00192333234073718,0,0.000189598273890724
"CbMPDiCbraya","Management","In","HD",0,0.000189046368205289,3.1007944621453e-06,6.39148006218734e-06,0,0,1.28021256593874e-05,0.00111913809569244,0.000213662967463338,4.97011141854135e-05,1.24538697907213e-05,0.000153201731941598,0,4.48621209971453e-06,0.00018504628254788,1.54154398913086e-05,2.1625632803427e-05,2.25283722930118e-06,1.91086726871972e-05,0,0.00119550214079275,1.15931301739199e-06,4.12911031464326e-06,0.00032823755106855,0,0,5.46831693097141e-05,6.0005235174604e-05,3.8960586613608e-06,3.69254840556427e-05,0,0.000528336290200197,0.000675468471877861,3.10783556649893e-05,1.9410666116026e-05,3.73287332557463e-06,0,0.000693621199815291,2.16291997362422e-05,0,0,8.6129321386264e-06,1.66797728117457e-06,9.77684628895759e-05,2.19570923202332e-05,0.000256985868391224,0.000286063621141561,0.000491826919873105,1.82020690906751e-05,1.31569175203522e-05,4.02432656551518e-05,1.26365155305278e-05,1.04024499850205e-06,1.68320369883307e-05,3.03856793508647e-07,9.00690212404599e-05,0,7.98711196508296e-07,6.27302331606513e-06,0,0,0.000564166757719917,1.51928396754323e-07,1.77720793308387e-06,0.000445025443843665,0.000112682039546706,0.000466152907486872,5.4035907275018e-05,7.45186092001011e-06,4.54323671790437e-05,2.66514517956565e-05,8.20242266755909e-08,0.000829225890583733,1.80506437876693e-05,4.90171285225331e-06,1.13249615636683e-05,0,9.56609635940474e-07
"CbMPDiCbraya","Management","In","DR",0.000400281254829723,0.0190037503935612,0.000302980897824538,0.000429109473787813,0.00141187043642623,9.93817740526859e-05,0.00172594003970288,0.0236688623423396,0.00105657198773117,0.00191970957462502,0.000117156422204823,0.000192077061739769,0.000126625821450421,0.000103558999344908,0.00241813647592099,0.0143996794821673,0.00028615340918178,0.00071089116620044,0.00113472232461652,0.000196603942101213,0.00787857645707602,4.40733134825182e-05,3.37481741066548e-05,0.00141368179468536,0.000407534100743707,0.00268426958554329,0.000607419785860641,0.164574671989157,0.0004973705785618,0.00124022199438722,0.00603206146907754,0.0028686661470523,0.00329842140746016,0.00082548575271624,0.00356694043835399,0.000300383501326118,0.00764934336945491,0.023440020446373,2.64116435443635e-05,0.00511660534976466,0.000268368892728259,0.000716466154956987,0.000488359290724222,0.00110536189100774,8.20595021423228e-05,0.00114060841286885,0.0123426818005479,0.00153539190538261,5.97676393154005e-05,0.00217755144626617,0.000340376401699209,0.0021699356265394,0.000135180486011275,0.000664471253696399,3.04092172066085e-05,0.000229389463376157,0,0.000100501362256079,0.000197774445808553,0.000591569586917568,2.82710129100494e-05,0.000262566872139997,5.20147096280976e-05,7.47488265143275e-05,0.00502269316173006,0.000120697456140344,0.00380552765951187,0.00271654435424806,7.10956146299147e-05,0.0155552711987863,0.000265448353337827,0.000150438529233963,0.00328820041345439,0.00238199472769099,9.89646618859573e-05,0.000370254379676848,0.000817488406033563,8.0433171947968e-05
"CbMPDiCbraya","Management","Post","HeS",0,3.8399220416814e-05,9.72934376033302e-05,4.9704811912378e-05,4.29343019311849e-06,0,0,0,0,0,3.35635086174913e-05,0,0.000803868312790878,1.97584119845604e-05,0,7.405777134037e-05,9.71531133065712e-05,0,0,7.53018882206361e-06,0,0,9.52823955482495e-05,0,2.00953626892605e-05,0,0,0,1.3468868634276e-06,0,0,0,0,0,2.79078682051174e-05,7.20057541414278e-05,0,0.0025127226043392,0,0.000781226100037339,0,1.11384001484071e-05,4.0773199659369e-06,0,0,0,0,0.000123740305610028,0,0,0,0,1.82466574669566e-05,0,1.43560944954048e-05,0,0.000142996785323354,6.5385969570202e-06,0.000164233418420152,0.000676702847323746,2.30894890873302e-06,0,1.48859313738526e-06,5.43642662124921e-06,0,0,0,0,4.05575828086212e-05,0.00151104398882783,0,4.37052430994884e-06,1.55326474892834e-06,0,0,0,6.47056743618253e-05,0
"CbMPDiCbraya","Management","Post","HoS",8.62405227903405e-05,0.0231185353455814,0,6.66104653078159e-06,5.62718785042396e-05,0,1.36048100218552e-06,0.000508746575209982,0,0.000999783982532271,0.00245710576613606,0,0.000823435087027825,0.00019512220149395,0,0.00010092430574986,0.00310245968735262,6.84665404391892e-05,0,2.01486942267748e-05,0,9.62657156706779e-06,0.000252023636163203,0.00544674838495497,4.25552578566798e-05,0,3.17494513433952e-05,0.0027849041038164,0.000219950945258369,0.00080507489123781,0.00477680784679192,0.0285459272467414,0,8.61690266201565e-05,0.000140252058032594,7.05442445738346e-06,0.0267259487636087,8.48171025205522e-07,0.000106108353761711,0.0040539061037136,2.97146570718173e-06,0,0.00010989935654406,0.00201288060034864,0.000623410709804979,0.0436014898642017,0.0119677329414473,0.000419969428642847,0.000132776648491577,0,0,0.00366176910157311,3.171884737752e-05,0.000145321566882314,3.42679823493363e-05,0.0012907626293091,0.00241633471210288,7.74545643380242e-05,0.00037421521697028,0.00409710587640137,6.64021404351082e-06,0.0362142370771434,8.60528033492986e-06,8.66208570121925e-05,0.0110930580297926,0.00128505189426361,0.0213937207675369,0.00757844983064151,5.95777720032948e-05,0,0.000177554403220798,0.000130612775852332,0.000321197491491617,0.0116404140462611,3.92023841652079e-06,0.000226539843750809,3.18255653493429e-06,0
"CbMPDiCbraya","Management","Post","DL",0,0.0277843313567026,0.000973648173709911,0.0010777760449975,0,0.000153678787338771,0,0.0261373265952407,0.0108832857159964,0.00376056871217611,0.00297401601086091,0.00770604627623474,0.00380540261046371,0.00285437683488181,0,0,0.000291541481650372,0,0.00210746468919635,0,0.0443460586170741,0.00110135813570723,0.00151980251148401,0.0263635871299142,0.00112769916240502,0.000579741354880219,0,0,0.00193245497918276,0.000216745902892106,0.0319332528626104,0.00680718212077432,0.0116662992004688,0,0,0.00150693873827382,0.00792597225778329,0.00788018951925063,0,0.0034204654168731,0,2.47973167316289e-05,0.000131102978987381,0.000482682416472502,0.000843931917006064,0.0463564992927572,0,0.0144131266355707,0.00184189276087064,0,0.00040420558522092,0.006124609841885,0.000520439329346551,0.0135043166753224,0.000278859148744927,0.00271418105375275,0.0025650853674237,7.88102667175825e-05,0.000785888081801458,0.00841626516267386,0.000509701983403573,0.13221962036334,4.86558605593853e-05,0.000239537042081845,0.00111942199334244,0.00190443893199714,0.037416803864343,0.0036133625534305,0.000120699057336376,0.00306382206612299,0.00160151444125283,0.000101727312664776,0,0.00243768859869799,0.00036714296891554,0.000113833493659663,0,8.34680936255426e-05
"CbMPDiCbraya","Management","Post","HD",8.89402512604858e-06,7.38379582629509e-05,2.50208432979013e-05,1.16111006298268e-05,0.000214151806253576,4.47232311783176e-07,0.000189598335439552,0.00244889611853946,0,1.68972702877843e-05,0,0,0,0,0.0010026439972288,0.000319272673709214,4.02075609694212e-05,7.44931360383327e-05,5.50165908511038e-05,2.48356092730995e-05,0.000347562344515243,0,0,0,6.2222016257034e-07,3.92087196982086e-05,3.63776953907411e-05,0.0026467473185649,1.75356539610116e-05,4.1630212164789e-05,0,0,0,4.88326558964587e-05,0.000288338210921079,4.46184968367406e-07,0.000387222193204147,0.000183811581525268,5.18046555401218e-06,0.000113218591444909,1.68446196853293e-06,0,4.88274644984363e-06,0.000191694384397772,0,0,0.000193348530957382,5.00134987431841e-05,0,2.14596795908048e-05,1.61812106023777e-05,0.000113200706626311,1.00157848769661e-06,0,0,0,2.58188019058014e-05,1.96846904962082e-06,0,1.14892505409633e-06,0,0.00012444615334159,5.36678774139811e-07,1.17326025709512e-06,0.000203599414763066,0,0.000271517950506043,0,1.38708676867995e-05,0.00215323819877276,0,2.59921744204695e-06,0.0010815908531843,1.93245694103885e-05,9.84708656219302e-08,8.4610085721027e-06,2.66971393469386e-05,1.19579524634302e-06
"CbMPDiCbraya","Management","Post","DR",0.00045705713781541,0,0.000250152806699371,0.000311823843987281,9.25620777933341e-06,0.00021064455851219,7.8324377500226e-07,0.00772595658919366,0.00274687611239305,0.00164021275624985,0.000106099633861829,0.00057833124974701,7.63105379331022e-05,8.03372875069075e-05,0.00411614475043291,0,0.000884588457918697,0.0002753610516458,0.000725874705569437,4.77669211584242e-05,0.00877277959685691,0.000110859460581669,4.74100208836748e-05,0.00425666497857661,0.000569956583167189,0.00212383252112082,5.79245726244583e-05,0.0301804878785176,5.2586185520744e-05,0.000496029076695693,0.013604873847248,0.000782092940995268,0.0069370740396367,0.000442882825726196,0.000284208889044169,0.000703625295244964,0.00399181916567361,0.00487298244987594,0.000855078225696218,0.00493788093805041,0.000131079813650348,0.000936645543129533,0.00032926083194995,0.000433807470092393,0.000200889864830669,0.0170986274408916,0.00179529843659486,0.0135744720236613,0.000307194850088031,0.00542295433074546,0.00230907804753127,0.0038095553329137,9.74564828231523e-05,0.00516422122801843,2.75838400098508e-05,0.00057139847833494,0.00380867715795928,0.000100249606224192,0.000122413171024688,0.000164450798025662,5.28274256643947e-05,0.00793205026696147,9.20728685649786e-05,4.2283517792888e-05,0.00234007784342091,0.00130327746186848,0.00550811820188932,0.00216969895613759,0.00022951254491491,0.00542918214718666,0.000550651749506,0.000141862907718792,0.000839597467115934,0.000430978268861044,6.35822866983595e-05,0.000483036679962575,0.000715435156147592,0.0001270710733293
"CbMPDiCbraya","Management","Pre_vs_In","HeS",0,0.000417359456947788,3.79076413885516e-05,0,0,4.53064499215155e-05,0.000173684410610058,0,0,0.00031922156778772,1.44274692841466e-05,2.37614916513999e-06,3.44587219112604e-05,1.11248423450913e-06,0,0,0.000127491627622735,0,0,2.36538653772831e-05,0,0,0,0,0.000273359848925765,0.000100192398351251,0,0,0,0,0,0.00226495302462282,0,0,0,0.000196596431626514,0,0,0,0,0,6.33377562482089e-05,0,0.00100173066229958,0,0,0,0,0,0.003421601493394,0.00101936387353034,0,5.37675315950494e-07,0,0,1.23247403491563e-05,0,9.53594318009652e-06,1.17589236344765e-06,0,3.10085593779632e-07,2.53641524282571e-05,1.55796922294929e-06,2.58823523527927e-05,5.87260058782692e-05,0,0,0,0,0,5.71553736374415e-05,5.05526606160081e-06,0,0,6.74348529234875e-07,0,0,3.24891356330443e-06
"CbMPDiCbraya","Management","Pre_vs_In","HoS",0.000102920023571343,0,0.000251214320466079,0.000128750893706297,0.000257424457595562,0,0,0,2.2116562259663e-06,0,4.03037761555263e-06,2.45798408574591e-05,3.21845186179369e-05,6.02734331352712e-05,0,0,0.00554023133864784,0.000327308295984356,1.1742665195814e-06,3.25629861188642e-06,0.0019045871857718,1.21496444902515e-06,1.74777717061865e-05,0,5.74259804877636e-06,0.000406902277068762,0.000163034105117924,0.00737052890852012,0.000224425452104478,0.000982244966068207,0.00628617777275357,3.27203641214479e-05,0.000720936090560347,0.000139791727115996,0.00345803466267497,0.000438937513747707,0.042182097346567,0,0.00170108167806832,0.0400546893482542,1.0276270779682e-06,6.73374107609263e-05,0.000215239157338014,0,3.86506256852056e-05,0.0193064803501286,0.00178789318485654,0,1.42314355179385e-05,0.0110191997706807,4.349500167729e-05,0.00118943931084275,4.45629837411099e-06,0.000152391098140443,6.34775452976167e-07,9.52197539007738e-05,0.00518698482910282,3.99068292089379e-05,8.29037711355779e-06,2.85530036405227e-06,3.69134252152057e-07,0,0.000104415624946798,6.6940043070706e-05,0,3.26707474399744e-05,0.000624147238536605,0.00363470529027519,8.99774757821035e-05,0.000341109191577829,0.000132475933059504,9.06901155029311e-07,0.00273567602314855,0.000129855225657437,1.51219934233919e-07,2.5809917421728e-05,0.00551948017818283,3.83304634148831e-05
"CbMPDiCbraya","Management","Pre_vs_In","DL",0.00352617475422543,0.00275599438083806,0.000461585460752686,0.000241794268416236,0.00330761062064705,0.000754109724694385,0.00463364009517998,0.0758724520940613,0,0.00249482708860733,0,0,0,1.09781989789041e-05,0.034098811520067,0.0228697185672497,0.00181081569865073,0.00448918502338413,0.0034901386648634,0.000634885666872041,0,0,8.29569164814567e-05,0,0.00211396695792665,0.00586152040158451,0.00342818636505631,0.0325072178401912,8.58130703540403e-06,0.000710775366296034,0,0.00326959916739747,0,0.0021901133929113,0.00100722732341436,0.00209598704348767,0.0241174074656379,0.00205954864107104,0.001193419619749,0.0123511314729085,0.00179219672561717,0.00148510926529242,0.000751641885561081,0.00191982664579598,0.000105503703701715,0.00630513360378152,0.0750222387737092,0.0285440866340793,0,0.00523145910620387,0.0050104798727472,0.0076897240515011,4.65370565812287e-05,0,4.50124737224178e-06,0,0.00341027956310546,8.99180122594466e-05,8.94156135827926e-05,0,0,0,0.00048314887799563,0.00018513609034245,0.0134156493427534,0.0018262574022085,0.00414664044701872,0.00243880347811021,0.000272090149091415,0.0293898405443149,0.000184592277975532,0.000471179248415408,0.0180666785064271,0.000721951797537191,9.02863074439036e-05,0.00109772339618331,0.00986790616536111,0.00017755828108091
"CbMPDiCbraya","Management","Pre_vs_In","HD",0,0.00019315697591304,1.36065299248265e-06,0,0,1.55061838661258e-07,0,0.000499375516969084,0.000117113207703189,2.22148827957804e-05,2.22665501532354e-05,0.000158679002884165,5.95906870009129e-07,5.28707767318049e-06,0.000249378368510134,8.61789228311183e-06,0,0,5.9140598304133e-05,0,0.00158695526204992,7.56691955502484e-07,2.52494686588337e-06,0.000306530730755985,1.61705540678646e-07,1.28245930549262e-06,2.00312559545863e-05,0,3.48211407337986e-06,1.40774770564075e-05,1.74600316823966e-05,0.000535548446983414,0.0001478996153557,0,0,2.13096163690088e-06,3.83273236682374e-05,0.000150037124197897,1.33426259439679e-05,3.2482337817988e-06,2.24264971278077e-07,2.96702641110481e-05,6.27047629118124e-06,2.55784109620258e-05,5.01826268185007e-05,0.000440260509935843,0.00048482898191642,0.000501665552621744,6.0794780608359e-06,0,3.03274027616577e-05,0.00012362602242611,2.3830702363349e-06,2.11697797092394e-05,2.14456571477421e-07,6.38893086168186e-05,5.08729906444487e-06,0,7.03077464071742e-06,3.73198358464735e-07,1.44231213019117e-07,0.000262417940476314,2.20120467364119e-07,4.67190398318586e-07,0.000519383856583629,0.000196891515684942,0.000712426424103492,7.99697647844732e-05,4.56198360592803e-06,3.40528357089569e-05,3.87805078262536e-06,1.81196972198826e-06,0,2.44510337673519e-05,5.47746490700587e-06,1.77849048208788e-05,0,2.94798137822135e-07
"CbMPDiCbraya","Management","Pre_vs_In","DR",0.000763646242614906,0.0142559605612955,0.000480819122261102,0.000815864594870714,0.00113517712481299,0.000141420070389865,0.000931362286876174,0.0115874002306575,0.00081077861638835,0.00268542791579812,5.37754675967675e-05,0.000211438676850696,0.000181372143462869,0.000101489240417109,0.00297329989725279,0.0112212164810987,0.00247605302696571,0.000959207571787927,0.00134707595490371,0.000252649257677174,0.00909629103243625,6.33915994915641e-05,6.75431843066037e-05,0.00135772919318007,0.00012631922072863,0.00279194597322965,0.000959565537884165,0.156068423342714,0.000403134466228358,0.000900536745190248,0.00294618740189089,0.00525293434508782,0.00295607862154046,0.00137236763892437,0.00271734226478431,0.000276057108011814,0.00288575206554379,0.0269520848033423,0.000109977942226178,0.00763721380492995,0.000190643768687847,0.000785092311951168,0.000397304099948049,0.000581429956175852,0.000171363418961006,0.00332772704161422,0.00585977583964325,0.00299452407857059,0.000179540754099477,0.00436475258552472,0.000856870840057024,0.00582355710493068,0.000111333055782898,0.000345817440357207,3.56504383915323e-05,0.000254613078582526,0.00343203475774695,0.000225736605069177,0.000141428194688186,0.000316472766172419,2.51999418690812e-05,0.00141990159415455,9.84025753237842e-05,6.38399222528205e-05,0.0036720197965991,7.7768549229083e-05,0.0042412547633704,0.00183316608200289,8.3679658654388e-05,0.00966662509334675,0.000644365801548934,0.000124318874493635,0.00848606288313086,0.0012207931128856,0.000104342631160085,0.000439367889207558,0.00112726118324413,0.000104938638117521
"CbMPDiCbraya","Management","Pre_vs_Post","HeS",0,0.000234371254879576,6.51440655584953e-05,8.5503353316898e-05,0,0.000175401989865876,0,0,0,0.00106909801079938,0.000537206399624156,0,0.000478800434974292,9.05593882625685e-06,0,0,6.37458138113677e-05,0.00032099694733287,0,1.0850810099318e-05,0,0,1.16429478500887e-05,0,0.000136679924462882,0,0,0,1.62801785791436e-05,0,0,0,0,8.50728948258927e-05,0.000159501940366107,0.000280357915345328,0,0.000326082416003373,0,0.00103483836888213,0,7.29335872589107e-06,3.89226483493927e-06,0.00060480425396004,1.25919613630571e-05,0,0,0.00255718989854092,9.56275032274489e-06,0,6.5312479019636e-06,0,1.67261026780435e-05,3.02885547340146e-06,0,3.99589376461545e-05,0,1.86204759691585e-06,9.89544877306772e-05,0.000775639373892045,2.51550912025275e-05,0.00147093795876523,4.89052704966166e-06,3.49999593276421e-05,0.000211978780342439,0,0,0,4.56730092496087e-05,0.000219973549299178,0,9.67822491184567e-06,0.000616985707916859,0,0,0,0.00537401208180872,0
"CbMPDiCbraya","Management","Pre_vs_Post","HoS",0,0,1.36454418021907e-05,0.000528851308283097,0.000450820098435713,0,0,8.00466508827969e-05,0,0,0.000388749658577975,1.23081164643212e-06,0.000546547555765172,0.000161445282998569,7.21156065095585e-07,3.32643969101642e-05,0.00453162419522146,0,2.34853303916279e-06,8.7492272330461e-06,0.000735770175374089,3.25516899104573e-06,0.000114469870271205,0.0036728375978856,0.000117926946143776,7.39240588180958e-05,0.000326068210235847,0,0.000220625221914052,0.00118718219951843,0.00275357253880374,0.000168790817327022,0.000400142508058463,0.00051885956114884,0.00149249480308287,0,0.0350183189681362,0,0.00130494999697123,0.0183642431338013,4.8746818598675e-06,5.27592094700199e-05,0.000177637177117384,0,0.000136852760172042,0.0152076025808454,0.00327587543217586,0,0.000155364172250317,0.00165163054137993,0,0.00461785917353316,3.72552960798094e-06,1.53217388570828e-05,0,0.000265819843311807,0.00299820756084243,3.6331976339893e-05,7.11221779466442e-05,0.00250683741109388,1.26750220647448e-06,0,6.61471944067697e-06,9.07396802558942e-05,0,0.00026089417294061,0.00420495735459549,0.0028954713949568,9.36320169819232e-05,0,2.56773478275005e-05,0,0.00715852236802892,0.000599858243555831,2.00503459712181e-06,5.96678820044516e-06,0.00134630299577719,1.22926483613227e-05
"CbMPDiCbraya","Management","Pre_vs_Post","DL",0.000197020295054427,0.0266875222540749,0.00113743570378057,0.000557553080654051,0.00207897449425413,0.00037950381965922,0.00286788042219843,0.053798246048471,0.00387682906802623,0.00401396031899576,0.00179820195239727,0.00383607793533892,0.00185889330030973,0.00137558375618533,0,0.0182307086943672,0.001521835719933,0.000748698159383887,0.00152232490029905,0.00034246534915531,0.0217236029969806,0.000553149849678728,0.000840621237552587,0.0131878586614825,0.00273993362939304,0.00341548444266717,0.00339443335561036,0.0236087287080577,0.00103968101462656,0.000809531141339511,0.0138335969882319,0.0140461580135886,0.0060958250226252,4.65596980335676e-05,0.00137080210729292,0.00321047334916422,0.00886328381790199,0.0103804051360381,0.00169684669986933,0.0170373628358784,0,8.45607561715834e-05,0.000850298676244463,0.0020110201052373,0.000528236266637916,0.0331832437454322,0.0424205024688808,0.0351099124633448,0.00107522954564144,0.0170950091153147,0.00612969251452337,0.0113215079679219,0.000286221554250586,0.00870166190340831,0.000146827792406523,0.00166481807580177,0.00280715856340058,0.000237755427878949,0.000403829815769043,0.00328774002266206,0.000232225947042982,0.0809473848414445,2.24830506395728e-05,0.00026714717397069,0.000512495551395295,0.00122385904065356,0.0242551019581063,0.00773899265315952,0.000362676613824583,0.0022988096340213,0.0010683295274343,0.000479983708883312,0.00817286679831717,0.00614581722719397,0.000289308836817768,0.000177034297457312,0.00853649401385722,0.000141673467023747
"CbMPDiCbraya","Management","Pre_vs_Post","HD",1.01236362246113e-06,0.00011133449948,7.06292538312733e-06,0,4.01972625655166e-05,2.82512395564585e-07,0,0.000567618659514155,0,0,2.84529387880989e-06,2.37060434614746e-05,2.27849186490201e-06,1.44615597049089e-06,0.00130872685888145,0.000359842984034346,0,0,0.000112895125854272,2.16790618561625e-06,0.0012699926165389,0,1.2595080051201e-06,1.26592116681063e-05,3.74377984673484e-07,1.15133124206282e-05,3.20236308807351e-05,0,9.67982433220423e-06,1.99124459769275e-05,0.000135161543494613,0,0.000116647345855353,0,3.49279683870034e-05,1.05866910848601e-06,0.000218153893282205,0.000287450172910416,6.76101245230667e-06,0.000575399534389907,2.15688558003682e-06,3.31827660710951e-06,1.29746348654554e-05,0.000113991582666932,4.68677697543257e-06,0.000187804624107354,0.000146161580129877,0.000760280596860388,1.20102071262928e-06,0,6.97850291020785e-06,0.000383560949032997,3.85427882932542e-06,1.11350574389712e-06,0,3.82269790421716e-06,5.7512618443501e-05,0,0,2.00362711996674e-06,0,0.00059965268469247,1.62438856060844e-07,5.91691481938894e-07,0.000400441213888917,5.35330921953593e-05,0.00075447043619669,5.02668720503729e-05,3.99739146133498e-06,5.90650327101539e-05,2.41875901512688e-06,2.00629104677685e-06,0,4.06193333675886e-05,8.47436533185385e-07,1.47620357705812e-05,7.79912528924865e-07,8.93034597949197e-07
"CbMPDiCbraya","Management","Pre_vs_Post","DR",0.000900293464961345,0.00350285742778868,0.000390291366294233,0.000390702183577639,0.000568763570059703,0.0001223242082104,0.00122112391452333,0.0110937596764911,0.00323323784888874,0.00184586017422006,7.99355261273739e-05,0.000499300458317585,3.52116954490376e-05,0.000134845475278929,0.00303230234161614,0.00453117924208144,0.00129032962412895,0.00116915150504265,0.00109724731667548,0.000193622103022298,0.00683589453986177,9.70048502182146e-05,5.90813565136918e-05,0.00195344502674582,0.000201332695954632,0.00258014667175328,0.000550266449380164,0.0771023848506621,0.000214320031741511,0.000633799712755207,0.0108829215738444,0.00790522818083328,0.00428475241932071,0.00102098657425454,0.00130607855459192,0.000494496702518533,0.00908519459213927,0.0138261891835733,0.00046333302503554,0.00863031986791729,0.000237738544044304,0.000810723133325536,0.00025057405894971,0.000423103029488236,0.000278365381082104,0.00901878799164493,0.00385914714856526,0.00681810037149045,6.01241645652481e-05,0.00627982139969872,0.00191139287447818,0.00359856885605119,0.000109778391108356,0.000823927550050488,5.28650967407568e-05,0.000561901522203118,0.00486002911754436,0.000166506903395647,0.000195712850044935,0.000129532841407562,3.86553311541081e-05,0.00651850936035436,9.06508945598113e-05,5.18955708094089e-05,0.00822831753141385,0.00087258937662044,0.00556397342821325,0.00165317275019239,0.000136963178156038,0.0109786075613074,0.000656366075041313,0.000156113782060398,0.00608276758350773,0.000864727409177446,7.42094591053036e-05,0.000598765528781021,0.00116406587023809,0.00011469267085648
"CbMPDiCbraya","Management","In_vs_Post","HeS",4.27449069443376e-06,0.000629243723541603,2.08758954809188e-05,1.09637581497045e-05,1.40069588470801e-05,1.61774966121318e-06,5.31146732784855e-05,0,0,0.000534891169901832,0.000195106935055203,0,0.000558325385647315,1.14483178532559e-05,0,0.000463919465614013,0.000363932074914185,0.000188277882893764,0,2.24695095970703e-05,0,0,2.28099948331089e-05,0,2.34774529773206e-05,6.4603928516736e-06,0,0,1.51112377770485e-06,0,0,0.00670247096675046,0,0,4.30496362305739e-05,0.00010495755677673,0,0.000773495657485058,0,0.00134093404929524,0,0,5.57070788099185e-06,0.000668211281323301,2.51839227261142e-05,0,0,2.05894581930386e-05,0,0.000119259325147464,5.81132892699278e-06,0,3.34522053560871e-05,0,0,6.48854873854884e-06,0.0003337907299323,4.49528540795138e-06,1.98442054369229e-05,0.000465233207535075,2.11653649967194e-06,0.00899100494944304,1.30753138075314e-06,1.43832525554123e-05,0,2.97223681643893e-05,0,0,3.22608963316203e-05,0.000902303566940234,2.80636603497451e-05,4.87517772994493e-05,0,0,5.56354833171863e-07,1.26342142296239e-06,8.14145388236089e-05,1.08297118776814e-06
"CbMPDiCbraya","Management","In_vs_Post","HoS",0.000959617724414811,0.000223444154850959,4.32546363620674e-05,0.000322715956655744,0.000462770272160361,3.28586675053935e-06,0,0.00656645188881744,0,0.000498124701860282,0.000477991645417956,6.90980919468504e-07,0.000661510742853216,0.000148807222969683,0.000175005900089032,0.00181119686945408,0.00417165564110423,8.04420405072728e-05,0,7.58705313351356e-06,0.00595636026917568,0,8.75240888181871e-05,0.000476569216969918,0,4.77619662110377e-05,7.09886915986731e-06,0,0.000133866575397045,0.000881947721788655,0.00481143925985634,0.0068885864557977,0.00204952638019965,0.00111711199577577,0.00124644097850748,1.67184635168555e-05,0.0235425669135362,4.07779499010982e-06,5.22771478464415e-05,0.0124343591942192,0.000400899934613555,4.13774420555909e-05,0.000111078630138361,0,0.000735637093202282,0.0477155288993075,0.00684180136545503,0.00111200215576051,7.69473191302251e-05,7.57584368627075e-05,0.000231413626632444,0.00308660111594993,1.04814742335767e-05,3.45869704494456e-05,1.32867112158795e-05,0.000514434363947142,0.0047882256355702,2.37151522685937e-05,0.000244351064485709,0.00172825699141399,1.25459930331845e-06,0.00938935241973584,0.000209791363963305,3.54682167202678e-05,0.00709682982714732,0.000833863954225194,0.00953513937134481,0.00196305508508736,3.03545043540105e-05,0,4.34933367049536e-05,5.97663560591271e-05,0.000686584410500271,0.00265238640876106,9.37292546780206e-06,0.000103038760888198,8.93056078796182e-05,1.47688015647059e-05
"CbMPDiCbraya","Management","In_vs_Post","DL",0.00245671921923324,0.0298385006889178,0.000617148380985596,0.000543965248540879,0.000445714005311088,0.000476529163554098,0.000956208359690694,0.0405514930171791,0.0034909235742054,0.00291972344150552,0.00209121993055987,0.00375551230046769,0.00159459679061528,0.0013469500368895,0.0342930711178418,0.00455749539589508,0.00147290848152994,0.00322457164919823,0.00398409424938726,0.000263286958179626,0.0205817713529026,0.000514588506093656,0.000888823211566841,0.0150507492949144,0.000741405890940497,0.00385928609604454,0,0.0751321167649957,0.0010636001844317,6.16771012023559e-05,0.0152828349716107,0.00756501830532301,0.00473805286342242,0.00109955105526619,0.000950966313020721,0.000485882655515404,0.0241221695458977,0.00354673148000376,0,0.00602585610030481,0.00137277841405433,0.00145559400668331,8.42414017844237e-05,0.00183814080933416,0.000169476412631109,0.0237630358262155,0.0328966654794609,0.00671703722884076,0.00103820087474099,0,0,0.00125274541192735,0.000271255596084211,0.00882464146276794,0.000140956341953812,0.00137900311208453,0.00363837394339344,4.23551793866008e-05,0.000460312842018623,0.00444444299453767,0.000260850155461025,0.0622995763803649,0.000417872231431269,0.00017128865115393,0.00904909145436214,0.00265123334905798,0.0231813220529376,0.00428895633172427,4.26857223530561e-05,0.0298355416425379,0.00113897060557676,7.17567207320575e-05,0.00620815748750781,0.00528677029331468,0.000163457701049903,0.00118549463406252,0,0.000128764598272124
"CbMPDiCbraya","Management","In_vs_Post","HD",5.62145952006636e-06,0.000128578140403989,1.41636684303922e-05,1.58850724711666e-05,7.23230826304034e-05,6.14944428701867e-07,9.366204436924e-05,0.00127891835028372,0,9.28836799033321e-06,1.50339659633606e-06,1.03863152243721e-05,2.4858755399634e-06,8.99057984747715e-07,0.000582302833588005,0.000144810023199308,2.99995541219136e-05,1.75170505217577e-05,4.84324888857711e-05,3.2422853722203e-06,0.0011076423268619,2.2047255204916e-07,1.11653163132887e-06,4.87992017018268e-06,1.10599587407932e-06,2.71794067834624e-05,5.38859619943816e-05,0.000701929791382525,8.60263578308871e-06,2.7970097436806e-05,0,0,0.00017124355684054,6.72271831205925e-05,6.76375949875295e-05,3.38908312585463e-06,1.67025792700429e-05,0.00035575122052726,9.65253080445579e-07,0.000273873893347581,2.57996026469513e-06,7.21489453365806e-06,7.55880199136368e-06,6.91539756660561e-05,2.12098659256594e-06,8.5279193223872e-05,0.000162081061872932,0.0009083114418124,6.42714902683638e-07,0.000100933995220239,8.86068362750069e-06,0.000188611574878951,2.33602513440522e-06,1.20379722829791e-06,7.5188874452625e-08,8.83563999658781e-06,5.64492449682199e-05,3.87506053359389e-06,0,2.66967378722059e-07,0,0.000373625061466743,2.52944903752778e-07,9.56147300894664e-07,0.000390228501684461,3.63319072074628e-05,0.000747024269279831,2.11103353520984e-05,6.18858604398994e-06,0.000337577336162263,8.82720326955179e-06,1.28095191770046e-06,0.000656701085720101,3.26613908889058e-05,7.79324928755374e-07,7.33998695121897e-06,1.02052682264353e-05,1.89752352515683e-06
"CbMPDiCbraya","Management","In_vs_Post","DR",0.000420373688642696,0.00728172311202069,0.000269980375093821,0.000187846643401838,0.000850615781521878,0.000146201630481557,0.000738439438822772,0.0108436194282324,0.00395927481758657,0.0010482079909618,9.25240458910465e-05,0.000554546350363266,1.8977566058684e-05,0.000138253925349431,0.00304814832541015,0.00446139061987532,0.000924510888319664,0.000444366384399301,0.00101854285606672,0.000160285300040727,0.0078431997610087,0.000118988576218367,5.76726363971082e-05,0.00337226148754531,0.000318242003720316,0.00188286975768904,0.000333092506110226,0.0550131492772264,0.000155331199644921,0.000545094217583398,0.0118652328871356,0.00421470491710383,0.00457209747123966,0.000324788304769075,0.00125141138060948,0.000702445060525164,0.00738815627152312,0.0151120418330961,0.000459055775744112,0.007635793031958,9.87997072635421e-05,0.000940287190800642,0.000445852499228405,0.000921205508868727,0.000140781305425517,0.00727493524253387,0.00750888215258442,0.00661817454265643,6.44433648622258e-05,0.00415901415251582,0.00138932105512742,0.00408602642340324,9.62788945098286e-05,0.000927752004451172,4.20568521963233e-05,0.000557306301212182,0.00145355185963967,0.000113221860195953,0.000199963297172724,0.0003354214373327,3.59768020781369e-05,0.00760799389157814,8.50787471024802e-05,4.98463586062778e-05,0.00653255342289901,0.000664329241626733,0.00607264078663058,0.00273713053285955,0.000160095173127672,0.00695703574288027,0.000380041515764406,0.000155107184924891,0.00194977104774845,0.00100261634681867,9.51388635374939e-05,0.00031889168004437,0.000722087764039563,0.000120040341126372
